stage_id,stage_name,kind,required,item_path,description,source_path,deliverable_path,status,reason,size_bytes,sha256
01,mtype Build,code,true,mtype.py,Core mtype similarity and hypergeometric computation script.,mtype.py,deliverables/stages/01_mtype/code/mtype.py,copied,,11888,6671721d9a2335a019e551a0eda9a90fb42c370a02a1b38b7ff910e819897bf3
01,mtype Build,doc,true,docs/gene_overlap_edge_methodology.md,Method write-up for overlap edges and significance filtering.,docs/gene_overlap_edge_methodology.md,deliverables/stages/01_mtype/doc/docs/gene_overlap_edge_methodology.md,copied,,9744,9d346332315677366dcba749a1c7c27a2cffe8ff677310de8c1b5a465660775b
01,mtype Build,result,true,data/geneset_extraction_080/edges_with_mtype.txt,Threshold-0.80 edge file with mtype-derived fields.,data/geneset_extraction_080/edges_with_mtype.txt,deliverables/stages/01_mtype/result/data/geneset_extraction_080/edges_with_mtype.txt,copied,,19251968,94dfc625cc080299047ab8e7cf3562a9392876fb2b349643690133139549b669
01,mtype Build,result,true,data/geneset_extraction_080/extraction_summary.json,Extraction summary statistics for threshold 0.80.,data/geneset_extraction_080/extraction_summary.json,deliverables/stages/01_mtype/result/data/geneset_extraction_080/extraction_summary.json,copied,,417,316a5b537acebb3801695c18d967906e1342704dab76db3316e1f768219dfaf0
01,mtype Build,result,true,data/geneset_extraction_085/edges.csv,Threshold-0.85 extracted edge table.,data/geneset_extraction_085/edges.csv,deliverables/stages/01_mtype/result/data/geneset_extraction_085/edges.csv,copied,,446169,d43074b39d22445034d56c67e33a7df31bf5a9514468f32105f1c79d30607b2d
01,mtype Build,result,true,data/geneset_extraction_085/extraction_summary.json,Extraction summary statistics for threshold 0.85.,data/geneset_extraction_085/extraction_summary.json,deliverables/stages/01_mtype/result/data/geneset_extraction_085/extraction_summary.json,copied,,410,286106ebd672806e4b5c48fc3a09722bf6a3ea16a99ec3aa29fbcdc26307a30f
01,mtype Build,result,true,data/geneset_extraction_090/edges.csv,Threshold-0.90 extracted edge table.,data/geneset_extraction_090/edges.csv,deliverables/stages/01_mtype/result/data/geneset_extraction_090/edges.csv,copied,,149738,4e89c91c3763c242b1227c2ce095a29a9b00267380de1cd115573b3c5d212bfa
01,mtype Build,result,true,data/geneset_extraction_090/extraction_summary.json,Extraction summary statistics for threshold 0.90.,data/geneset_extraction_090/extraction_summary.json,deliverables/stages/01_mtype/result/data/geneset_extraction_090/extraction_summary.json,copied,,410,cb060621cb7bfffe7f39df4a0abc5f5f798a2dab2a03cf012baa3f6f1eac695b
02,GNN (Text),code,true,work_alpha_gnn_20260212/scripts/evaluate_single_embedding.py,Internal clustering metric evaluation for a single embedding.,work_alpha_gnn_20260212/scripts/evaluate_single_embedding.py,deliverables/stages/02_gnn_text/code/work_alpha_gnn_20260212/scripts/evaluate_single_embedding.py,copied,,5956,2fceb1db9b93a92c68094fcc32ed31a725c62dce64334ae79b04a15901d90779
02,GNN (Text),code,true,work_alpha_gnn_20260212/scripts/gnn_linkpred_holdout.py,Holdout link-prediction training and embedding export.,work_alpha_gnn_20260212/scripts/gnn_linkpred_holdout.py,deliverables/stages/02_gnn_text/code/work_alpha_gnn_20260212/scripts/gnn_linkpred_holdout.py,copied,,19580,6cf59f57e5e9916020c1c6e2a11741babf9922acfcbc79e50d39d85d38a471bf
02,GNN (Text),code,true,work_alpha_gnn_20260212/scripts/gnn_unsupervised_pilot.py,Pilot unsupervised GNN training script.,work_alpha_gnn_20260212/scripts/gnn_unsupervised_pilot.py,deliverables/stages/02_gnn_text/code/work_alpha_gnn_20260212/scripts/gnn_unsupervised_pilot.py,copied,,10652,69685d5dfedc10aa302bedf38f2b224981931b706af42e1982cc74866c44815d
02,GNN (Text),doc,true,docs/gnn_architecture_config.md,Architecture/training/evaluation configuration summary.,docs/gnn_architecture_config.md,deliverables/stages/02_gnn_text/doc/docs/gnn_architecture_config.md,copied,,6794,7b043f276299a9bd13150e78838755d07b5689892b01ea762f35711331e3d53f
02,GNN (Text),doc,true,docs/revised_gnn_representation_learning.md,Code-aligned GNN representation-learning description.,docs/revised_gnn_representation_learning.md,deliverables/stages/02_gnn_text/doc/docs/revised_gnn_representation_learning.md,copied,,9225,a5b9caa3fe4fa448883d3affff0d00b3b2f9bd9f4770cd78b6e555c42dce6f37
02,GNN (Text),doc,true,work_alpha_gnn_20260212/README.md,Main reproducibility guide for alpha + GNN workbench.,work_alpha_gnn_20260212/README.md,deliverables/stages/02_gnn_text/doc/work_alpha_gnn_20260212/README.md,copied,,9134,79ee252c40fbfba3bef22bb5469c0b7526b3f3d7c6ab52a8dd6f0c799afb13cb
02,GNN (Text),result,true,work_alpha_gnn_20260212/artifacts/csv/eval_gnn_holdout_l2_robust.csv,Robust internal-metric evaluation for holdout GNN.,work_alpha_gnn_20260212/artifacts/csv/eval_gnn_holdout_l2_robust.csv,deliverables/stages/02_gnn_text/result/work_alpha_gnn_20260212/artifacts/csv/eval_gnn_holdout_l2_robust.csv,copied,,2599,542362fe1d251f716b72729629be302477a09f4542b291148f777188b4f50a71
02,GNN (Text),result,true,work_alpha_gnn_20260212/embeddings/gnn_holdout_embeddings_l2.npz,Holdout GNN embedding (L2-normalized).,work_alpha_gnn_20260212/embeddings/gnn_holdout_embeddings_l2.npz,deliverables/stages/02_gnn_text/result/work_alpha_gnn_20260212/embeddings/gnn_holdout_embeddings_l2.npz,copied,,29659789,6ce755ab1aeb29236887e289d0d1667024b5fae24af59fffde920756a861d594
02,GNN (Text),result,true,work_alpha_gnn_20260212/embeddings/gnn_pilot_embeddings_l2.npz,Pilot GNN embedding (L2-normalized).,work_alpha_gnn_20260212/embeddings/gnn_pilot_embeddings_l2.npz,deliverables/stages/02_gnn_text/result/work_alpha_gnn_20260212/embeddings/gnn_pilot_embeddings_l2.npz,copied,,29659789,a78088296302522fb4a6ea341e1ab0275c4a78e5762f3a37ba4f2ac527852655
02,GNN (Text),result,true,work_alpha_gnn_20260212/reports/baseline/gnn_vs_golden_summary_by_k.csv,Summary comparison between GNN and golden fusion baselines.,work_alpha_gnn_20260212/reports/baseline/gnn_vs_golden_summary_by_k.csv,deliverables/stages/02_gnn_text/result/work_alpha_gnn_20260212/reports/baseline/gnn_vs_golden_summary_by_k.csv,copied,,4590,bbc3bb76874ff2642f9b20dcffc8dd9d19f602128582e1bbe798747f527138db
03,GNN Structlite,code,true,work_alpha_gnn_20260212/task_20260219_gnn_feature_ablation/scripts,"Structlite feature builder, run drivers, and reporting scripts.",work_alpha_gnn_20260212/task_20260219_gnn_feature_ablation/scripts/build_human_only_inputs.py,deliverables/stages/03_gnn_structlite/code/work_alpha_gnn_20260212/task_20260219_gnn_feature_ablation/scripts/build_human_only_inputs.py,copied,,9396,4aaacaea196f4011d79080c7c15fbd3963d1b039893bedb886b316efd08478d1
03,GNN Structlite,code,true,work_alpha_gnn_20260212/task_20260219_gnn_feature_ablation/scripts,"Structlite feature builder, run drivers, and reporting scripts.",work_alpha_gnn_20260212/task_20260219_gnn_feature_ablation/scripts/build_node_features_from_meta.py,deliverables/stages/03_gnn_structlite/code/work_alpha_gnn_20260212/task_20260219_gnn_feature_ablation/scripts/build_node_features_from_meta.py,copied,,18291,c5633b0a985d85b1e4033031dd546bbbeb32b94af120d518ae5b1f97112b1353
03,GNN Structlite,code,true,work_alpha_gnn_20260212/task_20260219_gnn_feature_ablation/scripts,"Structlite feature builder, run drivers, and reporting scripts.",work_alpha_gnn_20260212/task_20260219_gnn_feature_ablation/scripts/generate_ablation_plots.py,deliverables/stages/03_gnn_structlite/code/work_alpha_gnn_20260212/task_20260219_gnn_feature_ablation/scripts/generate_ablation_plots.py,copied,,8061,456f034c01465068a386a802df82c217ee61ed743dc800258cc9ad788dd70c5e
03,GNN Structlite,code,true,work_alpha_gnn_20260212/task_20260219_gnn_feature_ablation/scripts,"Structlite feature builder, run drivers, and reporting scripts.",work_alpha_gnn_20260212/task_20260219_gnn_feature_ablation/scripts/generate_metrics_reference_comparison.py,deliverables/stages/03_gnn_structlite/code/work_alpha_gnn_20260212/task_20260219_gnn_feature_ablation/scripts/generate_metrics_reference_comparison.py,copied,,15414,e635e6a0240ab48d0a20f6bb89541d0f033ed30c82b69f22e42e8b5385311708
03,GNN Structlite,code,true,work_alpha_gnn_20260212/task_20260219_gnn_feature_ablation/scripts,"Structlite feature builder, run drivers, and reporting scripts.",work_alpha_gnn_20260212/task_20260219_gnn_feature_ablation/scripts/make_human_only_share_bundle.py,deliverables/stages/03_gnn_structlite/code/work_alpha_gnn_20260212/task_20260219_gnn_feature_ablation/scripts/make_human_only_share_bundle.py,copied,,21452,f2bef5ea848825374888e91757f40a0463d6445a5059958c3c1571ed27513729
03,GNN Structlite,code,true,work_alpha_gnn_20260212/task_20260219_gnn_feature_ablation/scripts,"Structlite feature builder, run drivers, and reporting scripts.",work_alpha_gnn_20260212/task_20260219_gnn_feature_ablation/scripts/map_cluster_correspondence.py,deliverables/stages/03_gnn_structlite/code/work_alpha_gnn_20260212/task_20260219_gnn_feature_ablation/scripts/map_cluster_correspondence.py,copied,,10326,372309b55d90a4d8865d478694c5e17958441d744aff8e3a35f848becc342df1
03,GNN Structlite,code,true,work_alpha_gnn_20260212/task_20260219_gnn_feature_ablation/scripts,"Structlite feature builder, run drivers, and reporting scripts.",work_alpha_gnn_20260212/task_20260219_gnn_feature_ablation/scripts/plot_linkpred_curves.py,deliverables/stages/03_gnn_structlite/code/work_alpha_gnn_20260212/task_20260219_gnn_feature_ablation/scripts/plot_linkpred_curves.py,copied,,2963,a293fd93c94b896bda92df564bf9d6d2579ebe770f5371ba1a94d8c30794fb2a
03,GNN Structlite,code,true,work_alpha_gnn_20260212/task_20260219_gnn_feature_ablation/scripts,"Structlite feature builder, run drivers, and reporting scripts.",work_alpha_gnn_20260212/task_20260219_gnn_feature_ablation/scripts/run_feature_ablation_subset.py,deliverables/stages/03_gnn_structlite/code/work_alpha_gnn_20260212/task_20260219_gnn_feature_ablation/scripts/run_feature_ablation_subset.py,copied,,19440,a5225654a1d53808eb98804aa33a6bdf73edbc254ed5182531a0c8a5484fc57b
03,GNN Structlite,code,true,work_alpha_gnn_20260212/task_20260219_gnn_feature_ablation/scripts,"Structlite feature builder, run drivers, and reporting scripts.",work_alpha_gnn_20260212/task_20260219_gnn_feature_ablation/scripts/run_linkpred_multiseed.py,deliverables/stages/03_gnn_structlite/code/work_alpha_gnn_20260212/task_20260219_gnn_feature_ablation/scripts/run_linkpred_multiseed.py,copied,,9850,0172872b1b9af2e16cd66606d7510c108420eed6762cf4fc4ecc6ff75a1bab65
03,GNN Structlite,code,true,work_alpha_gnn_20260212/task_20260219_gnn_feature_ablation/scripts,"Structlite feature builder, run drivers, and reporting scripts.",work_alpha_gnn_20260212/task_20260219_gnn_feature_ablation/scripts/run_single_085_090_human_only.py,deliverables/stages/03_gnn_structlite/code/work_alpha_gnn_20260212/task_20260219_gnn_feature_ablation/scripts/run_single_085_090_human_only.py,copied,,27149,6219a15f7396ca880263515adc605e2ed8f303ebea0cd1ecaaa845f0cf70d123
03,GNN Structlite,code,true,work_alpha_gnn_20260212/task_20260219_gnn_feature_ablation/scripts,"Structlite feature builder, run drivers, and reporting scripts.",work_alpha_gnn_20260212/task_20260219_gnn_feature_ablation/scripts/summarize_feature_ablation.py,deliverables/stages/03_gnn_structlite/code/work_alpha_gnn_20260212/task_20260219_gnn_feature_ablation/scripts/summarize_feature_ablation.py,copied,,10990,8bef4870df6564b3daa27112e5986022d5cefae211d57321cbc4bb06b0ca2f83
03,GNN Structlite,code,true,work_alpha_gnn_20260212/task_20260219_gnn_feature_ablation/scripts,"Structlite feature builder, run drivers, and reporting scripts.",work_alpha_gnn_20260212/task_20260219_gnn_feature_ablation/scripts/tune_gnn_structlite_tradeoff.py,deliverables/stages/03_gnn_structlite/code/work_alpha_gnn_20260212/task_20260219_gnn_feature_ablation/scripts/tune_gnn_structlite_tradeoff.py,copied,,24940,95b3cc26ae0b0ed6897058e1fca0bf1a0cfdabcddab7b7c61d758a63ae3674f6
03,GNN Structlite,doc,true,docs/plans/2026-02-26-cluster-correspondence-report.md,Plan and methodology for text-only vs structlite cluster correspondence.,docs/plans/2026-02-26-cluster-correspondence-report.md,deliverables/stages/03_gnn_structlite/doc/docs/plans/2026-02-26-cluster-correspondence-report.md,copied,,9754,84681f4dfdb24353d5687b2a6e79e5164ba7519d2164af174aa50c6a10425458
03,GNN Structlite,result,true,outputs/human_only_combined_clean/umap_gnn_textonly_vs_structlite_subset085.png,Subset 0.85 text-only vs structlite UMAP comparison.,outputs/human_only_combined_clean/umap_gnn_textonly_vs_structlite_subset085.png,deliverables/stages/03_gnn_structlite/result/outputs/human_only_combined_clean/umap_gnn_textonly_vs_structlite_subset085.png,copied,,300428,867e98429b8c8524ef86a0e018f0660dd2b5918ff82ddf5d601987bf22dfe700
03,GNN Structlite,result,true,outputs/human_only_combined_clean/umap_gnn_textonly_vs_structlite_subset090.png,Subset 0.90 text-only vs structlite UMAP comparison.,outputs/human_only_combined_clean/umap_gnn_textonly_vs_structlite_subset090.png,deliverables/stages/03_gnn_structlite/result/outputs/human_only_combined_clean/umap_gnn_textonly_vs_structlite_subset090.png,copied,,254814,46289fb1ef2bd4bf7b4ee70e2ec12c6806a480aca0856a03f6062eaedaa7145f
03,GNN Structlite,result,true,work_alpha_gnn_20260212/task_20260219_gnn_feature_ablation/runs/single_085_090_human_only_20260302_210835,Main human-only structlite run outputs.,work_alpha_gnn_20260212/task_20260219_gnn_feature_ablation/runs/single_085_090_human_only_20260302_210835/run_manifest_human_only.md,deliverables/stages/03_gnn_structlite/result/work_alpha_gnn_20260212/task_20260219_gnn_feature_ablation/runs/single_085_090_human_only_20260302_210835/run_manifest_human_only.md,copied,,422,6e3daf439f8a60b221b6578425a2aa0412f76927eb663f27c2636510189143bb
03,GNN Structlite,result,true,work_alpha_gnn_20260212/task_20260219_gnn_feature_ablation/runs/single_085_090_human_only_20260302_210835,Main human-only structlite run outputs.,work_alpha_gnn_20260212/task_20260219_gnn_feature_ablation/runs/single_085_090_human_only_20260302_210835/subset085/csv/fusion_eval_subset085.csv,deliverables/stages/03_gnn_structlite/result/work_alpha_gnn_20260212/task_20260219_gnn_feature_ablation/runs/single_085_090_human_only_20260302_210835/subset085/csv/fusion_eval_subset085.csv,copied,,1477,12234212ca82e25f90d68acb87460ea13606223c54dabccecd6827172aacd95d
03,GNN Structlite,result,true,work_alpha_gnn_20260212/task_20260219_gnn_feature_ablation/runs/single_085_090_human_only_20260302_210835,Main human-only structlite run outputs.,work_alpha_gnn_20260212/task_20260219_gnn_feature_ablation/runs/single_085_090_human_only_20260302_210835/subset085/csv/gnn_eval_subset085.csv,deliverables/stages/03_gnn_structlite/result/work_alpha_gnn_20260212/task_20260219_gnn_feature_ablation/runs/single_085_090_human_only_20260302_210835/subset085/csv/gnn_eval_subset085.csv,copied,,1518,ed3b761220d2abc654c292825affb8049bf47e6ff4ed8d416f0c193030f4a429
03,GNN Structlite,result,true,work_alpha_gnn_20260212/task_20260219_gnn_feature_ablation/runs/single_085_090_human_only_20260302_210835,Main human-only structlite run outputs.,work_alpha_gnn_20260212/task_20260219_gnn_feature_ablation/runs/single_085_090_human_only_20260302_210835/subset085/csv/gnn_structlite_eval_subset085.csv,deliverables/stages/03_gnn_structlite/result/work_alpha_gnn_20260212/task_20260219_gnn_feature_ablation/runs/single_085_090_human_only_20260302_210835/subset085/csv/gnn_structlite_eval_subset085.csv,copied,,1557,b0eb1c0bbb4ad9cad0db53be404c3bd188cc7664e4d443c03f6ec2f3be1a36ad
03,GNN Structlite,result,true,work_alpha_gnn_20260212/task_20260219_gnn_feature_ablation/runs/single_085_090_human_only_20260302_210835,Main human-only structlite run outputs.,work_alpha_gnn_20260212/task_20260219_gnn_feature_ablation/runs/single_085_090_human_only_20260302_210835/subset085/csv/text_structlite_linkpred_subset085.csv,deliverables/stages/03_gnn_structlite/result/work_alpha_gnn_20260212/task_20260219_gnn_feature_ablation/runs/single_085_090_human_only_20260302_210835/subset085/csv/text_structlite_linkpred_subset085.csv,copied,,1914,38311c12cc34db2076819833b38416a878a667a86b77947ef1b0ed0253bffd2f
03,GNN Structlite,result,true,work_alpha_gnn_20260212/task_20260219_gnn_feature_ablation/runs/single_085_090_human_only_20260302_210835,Main human-only structlite run outputs.,work_alpha_gnn_20260212/task_20260219_gnn_feature_ablation/runs/single_085_090_human_only_20260302_210835/subset085/csv/text_structlite_linkpred_subset085.summary.json,deliverables/stages/03_gnn_structlite/result/work_alpha_gnn_20260212/task_20260219_gnn_feature_ablation/runs/single_085_090_human_only_20260302_210835/subset085/csv/text_structlite_linkpred_subset085.summary.json,copied,,2619,76cc4ef77c3279bc0130a4bdb42fae254b4d9c781bf526a713f1b7a176059be4
03,GNN Structlite,result,true,work_alpha_gnn_20260212/task_20260219_gnn_feature_ablation/runs/single_085_090_human_only_20260302_210835,Main human-only structlite run outputs.,work_alpha_gnn_20260212/task_20260219_gnn_feature_ablation/runs/single_085_090_human_only_20260302_210835/subset085/features/feature_manifest_subset085.json,deliverables/stages/03_gnn_structlite/result/work_alpha_gnn_20260212/task_20260219_gnn_feature_ablation/runs/single_085_090_human_only_20260302_210835/subset085/features/feature_manifest_subset085.json,copied,,1984,3990da715c6a074e0386e9513dec87bb766e3a95068f806373f818f001761166
03,GNN Structlite,result,true,work_alpha_gnn_20260212/task_20260219_gnn_feature_ablation/runs/single_085_090_human_only_20260302_210835,Main human-only structlite run outputs.,work_alpha_gnn_20260212/task_20260219_gnn_feature_ablation/runs/single_085_090_human_only_20260302_210835/subset085/features/text_structlite_gnn_holdout_subset085.npz,deliverables/stages/03_gnn_structlite/result/work_alpha_gnn_20260212/task_20260219_gnn_feature_ablation/runs/single_085_090_human_only_20260302_210835/subset085/features/text_structlite_gnn_holdout_subset085.npz,copied,,4482764,0053362ebebcdfee6e36b4468e81f4f313cf120fd06dd4af684df8759417ed35
03,GNN Structlite,result,true,work_alpha_gnn_20260212/task_20260219_gnn_feature_ablation/runs/single_085_090_human_only_20260302_210835,Main human-only structlite run outputs.,work_alpha_gnn_20260212/task_20260219_gnn_feature_ablation/runs/single_085_090_human_only_20260302_210835/subset085/features/text_structlite_subset085.npz,deliverables/stages/03_gnn_structlite/result/work_alpha_gnn_20260212/task_20260219_gnn_feature_ablation/runs/single_085_090_human_only_20260302_210835/subset085/features/text_structlite_subset085.npz,copied,,6752108,ed9e38671fe7c5cebc39c2f436cdaefac3a2be2e863b3493013c8c74749540b0
03,GNN Structlite,result,true,work_alpha_gnn_20260212/task_20260219_gnn_feature_ablation/runs/single_085_090_human_only_20260302_210835,Main human-only structlite run outputs.,work_alpha_gnn_20260212/task_20260219_gnn_feature_ablation/runs/single_085_090_human_only_20260302_210835/subset085/inputs/edges_with_mtype_threshold_085_human.txt,deliverables/stages/03_gnn_structlite/result/work_alpha_gnn_20260212/task_20260219_gnn_feature_ablation/runs/single_085_090_human_only_20260302_210835/subset085/inputs/edges_with_mtype_threshold_085_human.txt,copied,,608084,82bcb9cdc073071c14837c50df61587c8e89254ebf687560b1391fed67f547ef
03,GNN Structlite,result,true,work_alpha_gnn_20260212/task_20260219_gnn_feature_ablation/runs/single_085_090_human_only_20260302_210835,Main human-only structlite run outputs.,work_alpha_gnn_20260212/task_20260219_gnn_feature_ablation/runs/single_085_090_human_only_20260302_210835/subset085/inputs/enriched_gs_metadata_subset085_human.csv,deliverables/stages/03_gnn_structlite/result/work_alpha_gnn_20260212/task_20260219_gnn_feature_ablation/runs/single_085_090_human_only_20260302_210835/subset085/inputs/enriched_gs_metadata_subset085_human.csv,copied,,11158251,046d55c4e123133137be7641a6b87644d7c843678c9a27d2f7dc20046627f832
03,GNN Structlite,result,true,work_alpha_gnn_20260212/task_20260219_gnn_feature_ablation/runs/single_085_090_human_only_20260302_210835,Main human-only structlite run outputs.,work_alpha_gnn_20260212/task_20260219_gnn_feature_ablation/runs/single_085_090_human_only_20260302_210835/subset085/inputs/filter_stats_subset085.md,deliverables/stages/03_gnn_structlite/result/work_alpha_gnn_20260212/task_20260219_gnn_feature_ablation/runs/single_085_090_human_only_20260302_210835/subset085/inputs/filter_stats_subset085.md,copied,,206,13f7531c8a204702afb60ace94c9e36cdec0a25e690a94ed7932123c6051b078
03,GNN Structlite,result,true,work_alpha_gnn_20260212/task_20260219_gnn_feature_ablation/runs/single_085_090_human_only_20260302_210835,Main human-only structlite run outputs.,work_alpha_gnn_20260212/task_20260219_gnn_feature_ablation/runs/single_085_090_human_only_20260302_210835/subset085/inputs/fusion_subset_085_human.npz,deliverables/stages/03_gnn_structlite/result/work_alpha_gnn_20260212/task_20260219_gnn_feature_ablation/runs/single_085_090_human_only_20260302_210835/subset085/inputs/fusion_subset_085_human.npz,copied,,8883916,27114c48526b8cc818b2124a3076d3507b71e839d1239ab39c58b4abb4ffb9d6
03,GNN Structlite,result,true,work_alpha_gnn_20260212/task_20260219_gnn_feature_ablation/runs/single_085_090_human_only_20260302_210835,Main human-only structlite run outputs.,work_alpha_gnn_20260212/task_20260219_gnn_feature_ablation/runs/single_085_090_human_only_20260302_210835/subset085/inputs/gnn_old_holdout_subset_085_human.npz,deliverables/stages/03_gnn_structlite/result/work_alpha_gnn_20260212/task_20260219_gnn_feature_ablation/runs/single_085_090_human_only_20260302_210835/subset085/inputs/gnn_old_holdout_subset_085_human.npz,copied,,4482764,b0c218ea09aae01c69ca5d5135918797e048606397625c71943cb7ef69f79993
03,GNN Structlite,result,true,work_alpha_gnn_20260212/task_20260219_gnn_feature_ablation/runs/single_085_090_human_only_20260302_210835,Main human-only structlite run outputs.,work_alpha_gnn_20260212/task_20260219_gnn_feature_ablation/runs/single_085_090_human_only_20260302_210835/subset085/inputs/go_embeddings_subset_085_human_l2.npz,deliverables/stages/03_gnn_structlite/result/work_alpha_gnn_20260212/task_20260219_gnn_feature_ablation/runs/single_085_090_human_only_20260302_210835/subset085/inputs/go_embeddings_subset_085_human_l2.npz,copied,,6683340,431d593a68f6e3794550fdb5f36de194836c2e0a2d1c51a8a94ea34e05035c95
03,GNN Structlite,result,true,work_alpha_gnn_20260212/task_20260219_gnn_feature_ablation/runs/single_085_090_human_only_20260302_210835,Main human-only structlite run outputs.,work_alpha_gnn_20260212/task_20260219_gnn_feature_ablation/runs/single_085_090_human_only_20260302_210835/subset085/inputs/human_ids_subset085.txt,deliverables/stages/03_gnn_structlite/result/work_alpha_gnn_20260212/task_20260219_gnn_feature_ablation/runs/single_085_090_human_only_20260302_210835/subset085/inputs/human_ids_subset085.txt,copied,,42980,39c222d27f01c71b9166fd0cfd9311fa313c0cdb67f080804114f55ff4615c79
03,GNN Structlite,result,true,work_alpha_gnn_20260212/task_20260219_gnn_feature_ablation/runs/single_085_090_human_only_20260302_210835,Main human-only structlite run outputs.,work_alpha_gnn_20260212/task_20260219_gnn_feature_ablation/runs/single_085_090_human_only_20260302_210835/subset085/inputs/pager_embeddings_subset_085_human_l2.npz,deliverables/stages/03_gnn_structlite/result/work_alpha_gnn_20260212/task_20260219_gnn_feature_ablation/runs/single_085_090_human_only_20260302_210835/subset085/inputs/pager_embeddings_subset_085_human_l2.npz,copied,,4482764,ae134ace0476ecf7a1e9619e758959a98d927515ee92218737ef7d20b8ae0a58
03,GNN Structlite,result,true,work_alpha_gnn_20260212/task_20260219_gnn_feature_ablation/runs/single_085_090_human_only_20260302_210835,Main human-only structlite run outputs.,work_alpha_gnn_20260212/task_20260219_gnn_feature_ablation/runs/single_085_090_human_only_20260302_210835/subset085/reports/confound/fusion_confound_subset085.md,deliverables/stages/03_gnn_structlite/result/work_alpha_gnn_20260212/task_20260219_gnn_feature_ablation/runs/single_085_090_human_only_20260302_210835/subset085/reports/confound/fusion_confound_subset085.md,copied,,2435,b0c4c799d127df5e6aaa4d5cf941a0641d36ac8927ceede5b41dcea138369cad
03,GNN Structlite,result,true,work_alpha_gnn_20260212/task_20260219_gnn_feature_ablation/runs/single_085_090_human_only_20260302_210835,Main human-only structlite run outputs.,work_alpha_gnn_20260212/task_20260219_gnn_feature_ablation/runs/single_085_090_human_only_20260302_210835/subset085/reports/confound/gnn_confound_subset085.md,deliverables/stages/03_gnn_structlite/result/work_alpha_gnn_20260212/task_20260219_gnn_feature_ablation/runs/single_085_090_human_only_20260302_210835/subset085/reports/confound/gnn_confound_subset085.md,copied,,2440,d9488ee3e3afd12c9a170dd01f6e706dc2c3857644d82c54cdc021eed05ddc11
03,GNN Structlite,result,true,work_alpha_gnn_20260212/task_20260219_gnn_feature_ablation/runs/single_085_090_human_only_20260302_210835,Main human-only structlite run outputs.,work_alpha_gnn_20260212/task_20260219_gnn_feature_ablation/runs/single_085_090_human_only_20260302_210835/subset085/reports/confound/gnn_structlite_confound_subset085.md,deliverables/stages/03_gnn_structlite/result/work_alpha_gnn_20260212/task_20260219_gnn_feature_ablation/runs/single_085_090_human_only_20260302_210835/subset085/reports/confound/gnn_structlite_confound_subset085.md,copied,,2383,ecf8d821710a87a9a69cc14850522112dbab8e2211d520b50c61ed0f97a63678
03,GNN Structlite,result,true,work_alpha_gnn_20260212/task_20260219_gnn_feature_ablation/runs/single_085_090_human_only_20260302_210835,Main human-only structlite run outputs.,work_alpha_gnn_20260212/task_20260219_gnn_feature_ablation/runs/single_085_090_human_only_20260302_210835/subset085/reports/validation/fusion_validation_subset085/meta_enrichment_results.csv,deliverables/stages/03_gnn_structlite/result/work_alpha_gnn_20260212/task_20260219_gnn_feature_ablation/runs/single_085_090_human_only_20260302_210835/subset085/reports/validation/fusion_validation_subset085/meta_enrichment_results.csv,copied,,105006,fcc56dfbf797fc8d38ce8ccd1fba5fa638c7df04a5134ad6b923b1e794fd502a
03,GNN Structlite,result,true,work_alpha_gnn_20260212/task_20260219_gnn_feature_ablation/runs/single_085_090_human_only_20260302_210835,Main human-only structlite run outputs.,work_alpha_gnn_20260212/task_20260219_gnn_feature_ablation/runs/single_085_090_human_only_20260302_210835/subset085/reports/validation/fusion_validation_subset085/meta_enrichment_seed_summary.csv,deliverables/stages/03_gnn_structlite/result/work_alpha_gnn_20260212/task_20260219_gnn_feature_ablation/runs/single_085_090_human_only_20260302_210835/subset085/reports/validation/fusion_validation_subset085/meta_enrichment_seed_summary.csv,copied,,5059,23ee4c338e5855ed6e3ef2f1a195c87f6a970f2172dc4dc5201d5645477cdcf6
03,GNN Structlite,result,true,work_alpha_gnn_20260212/task_20260219_gnn_feature_ablation/runs/single_085_090_human_only_20260302_210835,Main human-only structlite run outputs.,work_alpha_gnn_20260212/task_20260219_gnn_feature_ablation/runs/single_085_090_human_only_20260302_210835/subset085/reports/validation/fusion_validation_subset085/pairwise_ari.csv,deliverables/stages/03_gnn_structlite/result/work_alpha_gnn_20260212/task_20260219_gnn_feature_ablation/runs/single_085_090_human_only_20260302_210835/subset085/reports/validation/fusion_validation_subset085/pairwise_ari.csv,copied,,279,452ce5e678cc2582be9d5612d86f6f1659d862fbe70c3c729b5118070e52d0c3
03,GNN Structlite,result,true,work_alpha_gnn_20260212/task_20260219_gnn_feature_ablation/runs/single_085_090_human_only_20260302_210835,Main human-only structlite run outputs.,work_alpha_gnn_20260212/task_20260219_gnn_feature_ablation/runs/single_085_090_human_only_20260302_210835/subset085/reports/validation/fusion_validation_subset085/text_coherence_by_seed.csv,deliverables/stages/03_gnn_structlite/result/work_alpha_gnn_20260212/task_20260219_gnn_feature_ablation/runs/single_085_090_human_only_20260302_210835/subset085/reports/validation/fusion_validation_subset085/text_coherence_by_seed.csv,copied,,1046,5bc6fa69ee6c3850c8d0c9be52701ae7402d4443f715cf8eca5e68a1f951e27f
03,GNN Structlite,result,true,work_alpha_gnn_20260212/task_20260219_gnn_feature_ablation/runs/single_085_090_human_only_20260302_210835,Main human-only structlite run outputs.,work_alpha_gnn_20260212/task_20260219_gnn_feature_ablation/runs/single_085_090_human_only_20260302_210835/subset085/reports/validation/fusion_validation_subset085/validation_report.md,deliverables/stages/03_gnn_structlite/result/work_alpha_gnn_20260212/task_20260219_gnn_feature_ablation/runs/single_085_090_human_only_20260302_210835/subset085/reports/validation/fusion_validation_subset085/validation_report.md,copied,,2725,218a0420c57df83386d139987e3cd7fe5e6dbba93cbb95fa1513394cb9a2e316
03,GNN Structlite,result,true,work_alpha_gnn_20260212/task_20260219_gnn_feature_ablation/runs/single_085_090_human_only_20260302_210835,Main human-only structlite run outputs.,work_alpha_gnn_20260212/task_20260219_gnn_feature_ablation/runs/single_085_090_human_only_20260302_210835/subset085/reports/validation/gnn_structlite_validation_subset085/meta_enrichment_results.csv,deliverables/stages/03_gnn_structlite/result/work_alpha_gnn_20260212/task_20260219_gnn_feature_ablation/runs/single_085_090_human_only_20260302_210835/subset085/reports/validation/gnn_structlite_validation_subset085/meta_enrichment_results.csv,copied,,94412,531a5806bb2f158efd16c9c8cbaf43e50d2d06d660906c1ac109a3200f95dcf3
03,GNN Structlite,result,true,work_alpha_gnn_20260212/task_20260219_gnn_feature_ablation/runs/single_085_090_human_only_20260302_210835,Main human-only structlite run outputs.,work_alpha_gnn_20260212/task_20260219_gnn_feature_ablation/runs/single_085_090_human_only_20260302_210835/subset085/reports/validation/gnn_structlite_validation_subset085/meta_enrichment_seed_summary.csv,deliverables/stages/03_gnn_structlite/result/work_alpha_gnn_20260212/task_20260219_gnn_feature_ablation/runs/single_085_090_human_only_20260302_210835/subset085/reports/validation/gnn_structlite_validation_subset085/meta_enrichment_seed_summary.csv,copied,,4640,d2ca6da2bfa6786ca1f31dc9421c484caf302ff7d4993ed0b6e94d90aa2d6fd1
03,GNN Structlite,result,true,work_alpha_gnn_20260212/task_20260219_gnn_feature_ablation/runs/single_085_090_human_only_20260302_210835,Main human-only structlite run outputs.,work_alpha_gnn_20260212/task_20260219_gnn_feature_ablation/runs/single_085_090_human_only_20260302_210835/subset085/reports/validation/gnn_structlite_validation_subset085/pairwise_ari.csv,deliverables/stages/03_gnn_structlite/result/work_alpha_gnn_20260212/task_20260219_gnn_feature_ablation/runs/single_085_090_human_only_20260302_210835/subset085/reports/validation/gnn_structlite_validation_subset085/pairwise_ari.csv,copied,,279,fb161da33499a146a2964361dfb62d74367f9bea66889a65ec4136594278a55d
03,GNN Structlite,result,true,work_alpha_gnn_20260212/task_20260219_gnn_feature_ablation/runs/single_085_090_human_only_20260302_210835,Main human-only structlite run outputs.,work_alpha_gnn_20260212/task_20260219_gnn_feature_ablation/runs/single_085_090_human_only_20260302_210835/subset085/reports/validation/gnn_structlite_validation_subset085/text_coherence_by_seed.csv,deliverables/stages/03_gnn_structlite/result/work_alpha_gnn_20260212/task_20260219_gnn_feature_ablation/runs/single_085_090_human_only_20260302_210835/subset085/reports/validation/gnn_structlite_validation_subset085/text_coherence_by_seed.csv,copied,,1051,2d0003d8be47185701dbd2b6b17d5e84d555bd128bffc29fd27db2e0e9834726
03,GNN Structlite,result,true,work_alpha_gnn_20260212/task_20260219_gnn_feature_ablation/runs/single_085_090_human_only_20260302_210835,Main human-only structlite run outputs.,work_alpha_gnn_20260212/task_20260219_gnn_feature_ablation/runs/single_085_090_human_only_20260302_210835/subset085/reports/validation/gnn_structlite_validation_subset085/validation_report.md,deliverables/stages/03_gnn_structlite/result/work_alpha_gnn_20260212/task_20260219_gnn_feature_ablation/runs/single_085_090_human_only_20260302_210835/subset085/reports/validation/gnn_structlite_validation_subset085/validation_report.md,copied,,2747,6140f0b757f1637610ec406a457bf81b9584a41da0fa575244732c51f7c0efb2
03,GNN Structlite,result,true,work_alpha_gnn_20260212/task_20260219_gnn_feature_ablation/runs/single_085_090_human_only_20260302_210835,Main human-only structlite run outputs.,work_alpha_gnn_20260212/task_20260219_gnn_feature_ablation/runs/single_085_090_human_only_20260302_210835/subset085/reports/validation/gnn_validation_subset085/meta_enrichment_results.csv,deliverables/stages/03_gnn_structlite/result/work_alpha_gnn_20260212/task_20260219_gnn_feature_ablation/runs/single_085_090_human_only_20260302_210835/subset085/reports/validation/gnn_validation_subset085/meta_enrichment_results.csv,copied,,102518,f40e05cce6f5541805bd43a4e483ce62db7ec311f8f095b70c8cd28c3e6c1729
03,GNN Structlite,result,true,work_alpha_gnn_20260212/task_20260219_gnn_feature_ablation/runs/single_085_090_human_only_20260302_210835,Main human-only structlite run outputs.,work_alpha_gnn_20260212/task_20260219_gnn_feature_ablation/runs/single_085_090_human_only_20260302_210835/subset085/reports/validation/gnn_validation_subset085/meta_enrichment_seed_summary.csv,deliverables/stages/03_gnn_structlite/result/work_alpha_gnn_20260212/task_20260219_gnn_feature_ablation/runs/single_085_090_human_only_20260302_210835/subset085/reports/validation/gnn_validation_subset085/meta_enrichment_seed_summary.csv,copied,,4366,1f9fcdb290ed7a89e6df823bd7ea3cc2e1ca1c9e52cdedfc16dc4b748c68fcb6
03,GNN Structlite,result,true,work_alpha_gnn_20260212/task_20260219_gnn_feature_ablation/runs/single_085_090_human_only_20260302_210835,Main human-only structlite run outputs.,work_alpha_gnn_20260212/task_20260219_gnn_feature_ablation/runs/single_085_090_human_only_20260302_210835/subset085/reports/validation/gnn_validation_subset085/pairwise_ari.csv,deliverables/stages/03_gnn_structlite/result/work_alpha_gnn_20260212/task_20260219_gnn_feature_ablation/runs/single_085_090_human_only_20260302_210835/subset085/reports/validation/gnn_validation_subset085/pairwise_ari.csv,copied,,280,58a853d59105cce1669a2eb7b3cbf32420cb2c37fad76a51ab05d927a455e5cb
03,GNN Structlite,result,true,work_alpha_gnn_20260212/task_20260219_gnn_feature_ablation/runs/single_085_090_human_only_20260302_210835,Main human-only structlite run outputs.,work_alpha_gnn_20260212/task_20260219_gnn_feature_ablation/runs/single_085_090_human_only_20260302_210835/subset085/reports/validation/gnn_validation_subset085/text_coherence_by_seed.csv,deliverables/stages/03_gnn_structlite/result/work_alpha_gnn_20260212/task_20260219_gnn_feature_ablation/runs/single_085_090_human_only_20260302_210835/subset085/reports/validation/gnn_validation_subset085/text_coherence_by_seed.csv,copied,,1048,cd929308ef5e7b0b541bd2ad6a11f5499eb054266e972cd3796a464a93a3ac52
03,GNN Structlite,result,true,work_alpha_gnn_20260212/task_20260219_gnn_feature_ablation/runs/single_085_090_human_only_20260302_210835,Main human-only structlite run outputs.,work_alpha_gnn_20260212/task_20260219_gnn_feature_ablation/runs/single_085_090_human_only_20260302_210835/subset085/reports/validation/gnn_validation_subset085/validation_report.md,deliverables/stages/03_gnn_structlite/result/work_alpha_gnn_20260212/task_20260219_gnn_feature_ablation/runs/single_085_090_human_only_20260302_210835/subset085/reports/validation/gnn_validation_subset085/validation_report.md,copied,,2734,9ad5672700816cc7d0c6a7db990246d64cb44542732c3b5a3208c3f67e98cef4
03,GNN Structlite,result,true,work_alpha_gnn_20260212/task_20260219_gnn_feature_ablation/runs/single_085_090_human_only_20260302_210835,Main human-only structlite run outputs.,work_alpha_gnn_20260212/task_20260219_gnn_feature_ablation/runs/single_085_090_human_only_20260302_210835/subset090/csv/fusion_eval_subset090.csv,deliverables/stages/03_gnn_structlite/result/work_alpha_gnn_20260212/task_20260219_gnn_feature_ablation/runs/single_085_090_human_only_20260302_210835/subset090/csv/fusion_eval_subset090.csv,copied,,1477,ecc9fa4034c1599828e806c7e56c9dd131e1b3cc1804de37975a0241df3fcd90
03,GNN Structlite,result,true,work_alpha_gnn_20260212/task_20260219_gnn_feature_ablation/runs/single_085_090_human_only_20260302_210835,Main human-only structlite run outputs.,work_alpha_gnn_20260212/task_20260219_gnn_feature_ablation/runs/single_085_090_human_only_20260302_210835/subset090/csv/gnn_eval_subset090.csv,deliverables/stages/03_gnn_structlite/result/work_alpha_gnn_20260212/task_20260219_gnn_feature_ablation/runs/single_085_090_human_only_20260302_210835/subset090/csv/gnn_eval_subset090.csv,copied,,1512,6c2518471b0ee23e1421c430f49b303daf2e2d69b1fba498c7dd9d73e255007a
03,GNN Structlite,result,true,work_alpha_gnn_20260212/task_20260219_gnn_feature_ablation/runs/single_085_090_human_only_20260302_210835,Main human-only structlite run outputs.,work_alpha_gnn_20260212/task_20260219_gnn_feature_ablation/runs/single_085_090_human_only_20260302_210835/subset090/csv/gnn_structlite_eval_subset090.csv,deliverables/stages/03_gnn_structlite/result/work_alpha_gnn_20260212/task_20260219_gnn_feature_ablation/runs/single_085_090_human_only_20260302_210835/subset090/csv/gnn_structlite_eval_subset090.csv,copied,,1554,c897d776f5f5eb588d4774ae6d7dfc5b31b6fd2747d0d427ed7b9a2ba76888e9
03,GNN Structlite,result,true,work_alpha_gnn_20260212/task_20260219_gnn_feature_ablation/runs/single_085_090_human_only_20260302_210835,Main human-only structlite run outputs.,work_alpha_gnn_20260212/task_20260219_gnn_feature_ablation/runs/single_085_090_human_only_20260302_210835/subset090/csv/text_structlite_linkpred_subset090.csv,deliverables/stages/03_gnn_structlite/result/work_alpha_gnn_20260212/task_20260219_gnn_feature_ablation/runs/single_085_090_human_only_20260302_210835/subset090/csv/text_structlite_linkpred_subset090.csv,copied,,1917,8839f2b3a84846a9ddab3748206ca142fbb058ee63bd362b86f1e8473ec269fc
03,GNN Structlite,result,true,work_alpha_gnn_20260212/task_20260219_gnn_feature_ablation/runs/single_085_090_human_only_20260302_210835,Main human-only structlite run outputs.,work_alpha_gnn_20260212/task_20260219_gnn_feature_ablation/runs/single_085_090_human_only_20260302_210835/subset090/csv/text_structlite_linkpred_subset090.summary.json,deliverables/stages/03_gnn_structlite/result/work_alpha_gnn_20260212/task_20260219_gnn_feature_ablation/runs/single_085_090_human_only_20260302_210835/subset090/csv/text_structlite_linkpred_subset090.summary.json,copied,,2619,046964eed66497be66da6ec3041b19232767a83d043f8823842f5bcd639bbde0
03,GNN Structlite,result,true,work_alpha_gnn_20260212/task_20260219_gnn_feature_ablation/runs/single_085_090_human_only_20260302_210835,Main human-only structlite run outputs.,work_alpha_gnn_20260212/task_20260219_gnn_feature_ablation/runs/single_085_090_human_only_20260302_210835/subset090/features/feature_manifest_subset090.json,deliverables/stages/03_gnn_structlite/result/work_alpha_gnn_20260212/task_20260219_gnn_feature_ablation/runs/single_085_090_human_only_20260302_210835/subset090/features/feature_manifest_subset090.json,copied,,1984,09da9f4c0d573b097de1852a2efd02e3a4f2d8234e6b659f8db1603b635d4512
03,GNN Structlite,result,true,work_alpha_gnn_20260212/task_20260219_gnn_feature_ablation/runs/single_085_090_human_only_20260302_210835,Main human-only structlite run outputs.,work_alpha_gnn_20260212/task_20260219_gnn_feature_ablation/runs/single_085_090_human_only_20260302_210835/subset090/features/text_structlite_gnn_holdout_subset090.npz,deliverables/stages/03_gnn_structlite/result/work_alpha_gnn_20260212/task_20260219_gnn_feature_ablation/runs/single_085_090_human_only_20260302_210835/subset090/features/text_structlite_gnn_holdout_subset090.npz,copied,,1701077,caa112a984482b4e92a755b36d31dc565c79250530646b24abee763db5dcd42d
03,GNN Structlite,result,true,work_alpha_gnn_20260212/task_20260219_gnn_feature_ablation/runs/single_085_090_human_only_20260302_210835,Main human-only structlite run outputs.,work_alpha_gnn_20260212/task_20260219_gnn_feature_ablation/runs/single_085_090_human_only_20260302_210835/subset090/features/text_structlite_subset090.npz,deliverables/stages/03_gnn_structlite/result/work_alpha_gnn_20260212/task_20260219_gnn_feature_ablation/runs/single_085_090_human_only_20260302_210835/subset090/features/text_structlite_subset090.npz,copied,,2562245,7ccbb23e3dbf979fc94adb499dd2943cf14bfbeb46c8f51925c16f9c89b76425
03,GNN Structlite,result,true,work_alpha_gnn_20260212/task_20260219_gnn_feature_ablation/runs/single_085_090_human_only_20260302_210835,Main human-only structlite run outputs.,work_alpha_gnn_20260212/task_20260219_gnn_feature_ablation/runs/single_085_090_human_only_20260302_210835/subset090/inputs/edges_with_mtype_threshold_090_human.txt,deliverables/stages/03_gnn_structlite/result/work_alpha_gnn_20260212/task_20260219_gnn_feature_ablation/runs/single_085_090_human_only_20260302_210835/subset090/inputs/edges_with_mtype_threshold_090_human.txt,copied,,207278,753348bb47cced577a2d79fadc834bc6e003887ae543d2f3ec120f1a923f0ef5
03,GNN Structlite,result,true,work_alpha_gnn_20260212/task_20260219_gnn_feature_ablation/runs/single_085_090_human_only_20260302_210835,Main human-only structlite run outputs.,work_alpha_gnn_20260212/task_20260219_gnn_feature_ablation/runs/single_085_090_human_only_20260302_210835/subset090/inputs/enriched_gs_metadata_subset090_human.csv,deliverables/stages/03_gnn_structlite/result/work_alpha_gnn_20260212/task_20260219_gnn_feature_ablation/runs/single_085_090_human_only_20260302_210835/subset090/inputs/enriched_gs_metadata_subset090_human.csv,copied,,4390543,57b53d7c5928de9490bb0a39a567ca389cecdca8698c0fbdb34297314f0a1155
03,GNN Structlite,result,true,work_alpha_gnn_20260212/task_20260219_gnn_feature_ablation/runs/single_085_090_human_only_20260302_210835,Main human-only structlite run outputs.,work_alpha_gnn_20260212/task_20260219_gnn_feature_ablation/runs/single_085_090_human_only_20260302_210835/subset090/inputs/filter_stats_subset090.md,deliverables/stages/03_gnn_structlite/result/work_alpha_gnn_20260212/task_20260219_gnn_feature_ablation/runs/single_085_090_human_only_20260302_210835/subset090/inputs/filter_stats_subset090.md,copied,,206,c5fad22b5736bb2291c41a06a2d5ffb4810e7788f0456039964ae6d54109deb7
03,GNN Structlite,result,true,work_alpha_gnn_20260212/task_20260219_gnn_feature_ablation/runs/single_085_090_human_only_20260302_210835,Main human-only structlite run outputs.,work_alpha_gnn_20260212/task_20260219_gnn_feature_ablation/runs/single_085_090_human_only_20260302_210835/subset090/inputs/fusion_subset_090_human.npz,deliverables/stages/03_gnn_structlite/result/work_alpha_gnn_20260212/task_20260219_gnn_feature_ablation/runs/single_085_090_human_only_20260302_210835/subset090/inputs/fusion_subset_090_human.npz,copied,,3371221,6463bfac7215188ef374e7546082f4097efb69599f864b0c16bbb6d7db316ddb
03,GNN Structlite,result,true,work_alpha_gnn_20260212/task_20260219_gnn_feature_ablation/runs/single_085_090_human_only_20260302_210835,Main human-only structlite run outputs.,work_alpha_gnn_20260212/task_20260219_gnn_feature_ablation/runs/single_085_090_human_only_20260302_210835/subset090/inputs/gnn_old_holdout_subset_090_human.npz,deliverables/stages/03_gnn_structlite/result/work_alpha_gnn_20260212/task_20260219_gnn_feature_ablation/runs/single_085_090_human_only_20260302_210835/subset090/inputs/gnn_old_holdout_subset_090_human.npz,copied,,1701077,ff856df463f34d74fa4c08e14e536d09e631b772f54f87c3e1cd3200a09e02ec
03,GNN Structlite,result,true,work_alpha_gnn_20260212/task_20260219_gnn_feature_ablation/runs/single_085_090_human_only_20260302_210835,Main human-only structlite run outputs.,work_alpha_gnn_20260212/task_20260219_gnn_feature_ablation/runs/single_085_090_human_only_20260302_210835/subset090/inputs/go_embeddings_subset_090_human_l2.npz,deliverables/stages/03_gnn_structlite/result/work_alpha_gnn_20260212/task_20260219_gnn_feature_ablation/runs/single_085_090_human_only_20260302_210835/subset090/inputs/go_embeddings_subset_090_human_l2.npz,copied,,2536149,16013a28cb7feb87e150baa0850477c8297bfa89b322791f9080d7fae6121193
03,GNN Structlite,result,true,work_alpha_gnn_20260212/task_20260219_gnn_feature_ablation/runs/single_085_090_human_only_20260302_210835,Main human-only structlite run outputs.,work_alpha_gnn_20260212/task_20260219_gnn_feature_ablation/runs/single_085_090_human_only_20260302_210835/subset090/inputs/human_ids_subset090.txt,deliverables/stages/03_gnn_structlite/result/work_alpha_gnn_20260212/task_20260219_gnn_feature_ablation/runs/single_085_090_human_only_20260302_210835/subset090/inputs/human_ids_subset090.txt,copied,,16310,935215d08afeff99880c2c20c2e344dd9e34e482feaa81e7e939cf57bf62eec7
03,GNN Structlite,result,true,work_alpha_gnn_20260212/task_20260219_gnn_feature_ablation/runs/single_085_090_human_only_20260302_210835,Main human-only structlite run outputs.,work_alpha_gnn_20260212/task_20260219_gnn_feature_ablation/runs/single_085_090_human_only_20260302_210835/subset090/inputs/pager_embeddings_subset_090_human_l2.npz,deliverables/stages/03_gnn_structlite/result/work_alpha_gnn_20260212/task_20260219_gnn_feature_ablation/runs/single_085_090_human_only_20260302_210835/subset090/inputs/pager_embeddings_subset_090_human_l2.npz,copied,,1701077,bf50cf1f3a3aa5f5551e4465967acdcdd695a23f9b71310cd23b4342541c26b8
03,GNN Structlite,result,true,work_alpha_gnn_20260212/task_20260219_gnn_feature_ablation/runs/single_085_090_human_only_20260302_210835,Main human-only structlite run outputs.,work_alpha_gnn_20260212/task_20260219_gnn_feature_ablation/runs/single_085_090_human_only_20260302_210835/subset090/reports/confound/fusion_confound_subset090.md,deliverables/stages/03_gnn_structlite/result/work_alpha_gnn_20260212/task_20260219_gnn_feature_ablation/runs/single_085_090_human_only_20260302_210835/subset090/reports/confound/fusion_confound_subset090.md,copied,,2399,7b36a4fb370a21f4d8c90a7df9e12231830f822d8066fb5390521abd7383f5e5
03,GNN Structlite,result,true,work_alpha_gnn_20260212/task_20260219_gnn_feature_ablation/runs/single_085_090_human_only_20260302_210835,Main human-only structlite run outputs.,work_alpha_gnn_20260212/task_20260219_gnn_feature_ablation/runs/single_085_090_human_only_20260302_210835/subset090/reports/confound/gnn_confound_subset090.md,deliverables/stages/03_gnn_structlite/result/work_alpha_gnn_20260212/task_20260219_gnn_feature_ablation/runs/single_085_090_human_only_20260302_210835/subset090/reports/confound/gnn_confound_subset090.md,copied,,2391,fd9bd1bf5590a406a3d2eb0238d9c1031eaa63a56db5c97ffea7e1769c3a5232
03,GNN Structlite,result,true,work_alpha_gnn_20260212/task_20260219_gnn_feature_ablation/runs/single_085_090_human_only_20260302_210835,Main human-only structlite run outputs.,work_alpha_gnn_20260212/task_20260219_gnn_feature_ablation/runs/single_085_090_human_only_20260302_210835/subset090/reports/confound/gnn_structlite_confound_subset090.md,deliverables/stages/03_gnn_structlite/result/work_alpha_gnn_20260212/task_20260219_gnn_feature_ablation/runs/single_085_090_human_only_20260302_210835/subset090/reports/confound/gnn_structlite_confound_subset090.md,copied,,2415,686a2588adef68c49c75dd74c58305c3f65cf66e79e112b5cea3fcb22f02f563
03,GNN Structlite,result,true,work_alpha_gnn_20260212/task_20260219_gnn_feature_ablation/runs/single_085_090_human_only_20260302_210835,Main human-only structlite run outputs.,work_alpha_gnn_20260212/task_20260219_gnn_feature_ablation/runs/single_085_090_human_only_20260302_210835/subset090/reports/validation/fusion_validation_subset090/meta_enrichment_results.csv,deliverables/stages/03_gnn_structlite/result/work_alpha_gnn_20260212/task_20260219_gnn_feature_ablation/runs/single_085_090_human_only_20260302_210835/subset090/reports/validation/fusion_validation_subset090/meta_enrichment_results.csv,copied,,64375,38da1882947b61cdbedf60d7dd68e289a446621f6b1d54e5f304e45de1fce751
03,GNN Structlite,result,true,work_alpha_gnn_20260212/task_20260219_gnn_feature_ablation/runs/single_085_090_human_only_20260302_210835,Main human-only structlite run outputs.,work_alpha_gnn_20260212/task_20260219_gnn_feature_ablation/runs/single_085_090_human_only_20260302_210835/subset090/reports/validation/fusion_validation_subset090/meta_enrichment_seed_summary.csv,deliverables/stages/03_gnn_structlite/result/work_alpha_gnn_20260212/task_20260219_gnn_feature_ablation/runs/single_085_090_human_only_20260302_210835/subset090/reports/validation/fusion_validation_subset090/meta_enrichment_seed_summary.csv,copied,,5071,1d7098e00e5a3fd8b8f1fb3a8262a50077f9b29821b3c23e53fc0f47480abdfb
03,GNN Structlite,result,true,work_alpha_gnn_20260212/task_20260219_gnn_feature_ablation/runs/single_085_090_human_only_20260302_210835,Main human-only structlite run outputs.,work_alpha_gnn_20260212/task_20260219_gnn_feature_ablation/runs/single_085_090_human_only_20260302_210835/subset090/reports/validation/fusion_validation_subset090/pairwise_ari.csv,deliverables/stages/03_gnn_structlite/result/work_alpha_gnn_20260212/task_20260219_gnn_feature_ablation/runs/single_085_090_human_only_20260302_210835/subset090/reports/validation/fusion_validation_subset090/pairwise_ari.csv,copied,,279,8c7a8ff3a3dac730ee0a916cf0371098a433e01b023fc3a2e1d5a11f1d40f3ef
03,GNN Structlite,result,true,work_alpha_gnn_20260212/task_20260219_gnn_feature_ablation/runs/single_085_090_human_only_20260302_210835,Main human-only structlite run outputs.,work_alpha_gnn_20260212/task_20260219_gnn_feature_ablation/runs/single_085_090_human_only_20260302_210835/subset090/reports/validation/fusion_validation_subset090/text_coherence_by_seed.csv,deliverables/stages/03_gnn_structlite/result/work_alpha_gnn_20260212/task_20260219_gnn_feature_ablation/runs/single_085_090_human_only_20260302_210835/subset090/reports/validation/fusion_validation_subset090/text_coherence_by_seed.csv,copied,,1047,9f6bb2cbae5887b5fe2d1b3c1d6ec4bb3a928405ac219bd14a6758463cc251e3
03,GNN Structlite,result,true,work_alpha_gnn_20260212/task_20260219_gnn_feature_ablation/runs/single_085_090_human_only_20260302_210835,Main human-only structlite run outputs.,work_alpha_gnn_20260212/task_20260219_gnn_feature_ablation/runs/single_085_090_human_only_20260302_210835/subset090/reports/validation/fusion_validation_subset090/validation_report.md,deliverables/stages/03_gnn_structlite/result/work_alpha_gnn_20260212/task_20260219_gnn_feature_ablation/runs/single_085_090_human_only_20260302_210835/subset090/reports/validation/fusion_validation_subset090/validation_report.md,copied,,2720,705f41e55e2c526e4f5421fc6d096470decc863f9c484d2858493336b6c4f4cd
03,GNN Structlite,result,true,work_alpha_gnn_20260212/task_20260219_gnn_feature_ablation/runs/single_085_090_human_only_20260302_210835,Main human-only structlite run outputs.,work_alpha_gnn_20260212/task_20260219_gnn_feature_ablation/runs/single_085_090_human_only_20260302_210835/subset090/reports/validation/gnn_structlite_validation_subset090/meta_enrichment_results.csv,deliverables/stages/03_gnn_structlite/result/work_alpha_gnn_20260212/task_20260219_gnn_feature_ablation/runs/single_085_090_human_only_20260302_210835/subset090/reports/validation/gnn_structlite_validation_subset090/meta_enrichment_results.csv,copied,,71046,187687b09233361a5d40bea7b841ddc36602f76f7e586aece998da683b0e4912
03,GNN Structlite,result,true,work_alpha_gnn_20260212/task_20260219_gnn_feature_ablation/runs/single_085_090_human_only_20260302_210835,Main human-only structlite run outputs.,work_alpha_gnn_20260212/task_20260219_gnn_feature_ablation/runs/single_085_090_human_only_20260302_210835/subset090/reports/validation/gnn_structlite_validation_subset090/meta_enrichment_seed_summary.csv,deliverables/stages/03_gnn_structlite/result/work_alpha_gnn_20260212/task_20260219_gnn_feature_ablation/runs/single_085_090_human_only_20260302_210835/subset090/reports/validation/gnn_structlite_validation_subset090/meta_enrichment_seed_summary.csv,copied,,4897,b6fc3a2de1582c1681788b0b9bbed1f1b598cae7d1994e546822dc1851eb40d7
03,GNN Structlite,result,true,work_alpha_gnn_20260212/task_20260219_gnn_feature_ablation/runs/single_085_090_human_only_20260302_210835,Main human-only structlite run outputs.,work_alpha_gnn_20260212/task_20260219_gnn_feature_ablation/runs/single_085_090_human_only_20260302_210835/subset090/reports/validation/gnn_structlite_validation_subset090/pairwise_ari.csv,deliverables/stages/03_gnn_structlite/result/work_alpha_gnn_20260212/task_20260219_gnn_feature_ablation/runs/single_085_090_human_only_20260302_210835/subset090/reports/validation/gnn_structlite_validation_subset090/pairwise_ari.csv,copied,,279,8f84083fbfd5157edbb23b53b8dcc5142cc6fdee14a50ffcbfb237d2f200c71c
03,GNN Structlite,result,true,work_alpha_gnn_20260212/task_20260219_gnn_feature_ablation/runs/single_085_090_human_only_20260302_210835,Main human-only structlite run outputs.,work_alpha_gnn_20260212/task_20260219_gnn_feature_ablation/runs/single_085_090_human_only_20260302_210835/subset090/reports/validation/gnn_structlite_validation_subset090/text_coherence_by_seed.csv,deliverables/stages/03_gnn_structlite/result/work_alpha_gnn_20260212/task_20260219_gnn_feature_ablation/runs/single_085_090_human_only_20260302_210835/subset090/reports/validation/gnn_structlite_validation_subset090/text_coherence_by_seed.csv,copied,,1035,4ddc3549eed5f0a023c829af413b72a7fc9fb241d4e6f88943b8ce34eabaf097
03,GNN Structlite,result,true,work_alpha_gnn_20260212/task_20260219_gnn_feature_ablation/runs/single_085_090_human_only_20260302_210835,Main human-only structlite run outputs.,work_alpha_gnn_20260212/task_20260219_gnn_feature_ablation/runs/single_085_090_human_only_20260302_210835/subset090/reports/validation/gnn_structlite_validation_subset090/validation_report.md,deliverables/stages/03_gnn_structlite/result/work_alpha_gnn_20260212/task_20260219_gnn_feature_ablation/runs/single_085_090_human_only_20260302_210835/subset090/reports/validation/gnn_structlite_validation_subset090/validation_report.md,copied,,2725,4a5961a89bcba361926c65e25e6a16a16cce004c4af5eade24894aa8feb2084f
03,GNN Structlite,result,true,work_alpha_gnn_20260212/task_20260219_gnn_feature_ablation/runs/single_085_090_human_only_20260302_210835,Main human-only structlite run outputs.,work_alpha_gnn_20260212/task_20260219_gnn_feature_ablation/runs/single_085_090_human_only_20260302_210835/subset090/reports/validation/gnn_validation_subset090/meta_enrichment_results.csv,deliverables/stages/03_gnn_structlite/result/work_alpha_gnn_20260212/task_20260219_gnn_feature_ablation/runs/single_085_090_human_only_20260302_210835/subset090/reports/validation/gnn_validation_subset090/meta_enrichment_results.csv,copied,,52702,bc0ccfe94c5a88799db7b02f61e0cba76c58b07c0d88aef0e345f4593b501f43
03,GNN Structlite,result,true,work_alpha_gnn_20260212/task_20260219_gnn_feature_ablation/runs/single_085_090_human_only_20260302_210835,Main human-only structlite run outputs.,work_alpha_gnn_20260212/task_20260219_gnn_feature_ablation/runs/single_085_090_human_only_20260302_210835/subset090/reports/validation/gnn_validation_subset090/meta_enrichment_seed_summary.csv,deliverables/stages/03_gnn_structlite/result/work_alpha_gnn_20260212/task_20260219_gnn_feature_ablation/runs/single_085_090_human_only_20260302_210835/subset090/reports/validation/gnn_validation_subset090/meta_enrichment_seed_summary.csv,copied,,5046,61d28bc04b8252009e7ec54289a67a97a71f68b3d04baf39b7cbe3707c336080
03,GNN Structlite,result,true,work_alpha_gnn_20260212/task_20260219_gnn_feature_ablation/runs/single_085_090_human_only_20260302_210835,Main human-only structlite run outputs.,work_alpha_gnn_20260212/task_20260219_gnn_feature_ablation/runs/single_085_090_human_only_20260302_210835/subset090/reports/validation/gnn_validation_subset090/pairwise_ari.csv,deliverables/stages/03_gnn_structlite/result/work_alpha_gnn_20260212/task_20260219_gnn_feature_ablation/runs/single_085_090_human_only_20260302_210835/subset090/reports/validation/gnn_validation_subset090/pairwise_ari.csv,copied,,277,3e8700ae0f2e6f13ad8bc87386da4e365dc4df3a71ba45957a1ccbe3f8784fba
03,GNN Structlite,result,true,work_alpha_gnn_20260212/task_20260219_gnn_feature_ablation/runs/single_085_090_human_only_20260302_210835,Main human-only structlite run outputs.,work_alpha_gnn_20260212/task_20260219_gnn_feature_ablation/runs/single_085_090_human_only_20260302_210835/subset090/reports/validation/gnn_validation_subset090/text_coherence_by_seed.csv,deliverables/stages/03_gnn_structlite/result/work_alpha_gnn_20260212/task_20260219_gnn_feature_ablation/runs/single_085_090_human_only_20260302_210835/subset090/reports/validation/gnn_validation_subset090/text_coherence_by_seed.csv,copied,,1043,2a80068afaeed571321439b9bd254a0f6af94b2eabb2124633ed9372bff8dea0
03,GNN Structlite,result,true,work_alpha_gnn_20260212/task_20260219_gnn_feature_ablation/runs/single_085_090_human_only_20260302_210835,Main human-only structlite run outputs.,work_alpha_gnn_20260212/task_20260219_gnn_feature_ablation/runs/single_085_090_human_only_20260302_210835/subset090/reports/validation/gnn_validation_subset090/validation_report.md,deliverables/stages/03_gnn_structlite/result/work_alpha_gnn_20260212/task_20260219_gnn_feature_ablation/runs/single_085_090_human_only_20260302_210835/subset090/reports/validation/gnn_validation_subset090/validation_report.md,copied,,2721,602efaa3d2c2734e22e82beae26ed50ebb30f96c71673c16cc293ab1ff47b5d6
04,"Internal, Consistency, Confound, Enrichment Metrics",code,true,work_alpha_gnn_20260212/scripts/analyze_mesh_vs_gse_confound.py,Confound analysis (MeSH vs GSE vs platform).,work_alpha_gnn_20260212/scripts/analyze_mesh_vs_gse_confound.py,deliverables/stages/04_metrics/code/work_alpha_gnn_20260212/scripts/analyze_mesh_vs_gse_confound.py,copied,,11008,a14d77f355cd1898fe27cc2bf352f2ab465090f91c0aee94b89e2df8b11f32d3
04,"Internal, Consistency, Confound, Enrichment Metrics",code,true,work_alpha_gnn_20260212/scripts/modality_consistency_report.py,GO-vs-PAGER modality consistency computation and plots.,work_alpha_gnn_20260212/scripts/modality_consistency_report.py,deliverables/stages/04_metrics/code/work_alpha_gnn_20260212/scripts/modality_consistency_report.py,copied,,20529,78e7ee5e648d3611dfbba9ef8de66a29af84d6138b0d832052749cd3069aafb4
04,"Internal, Consistency, Confound, Enrichment Metrics",code,true,work_alpha_gnn_20260212/scripts/run_gnn_enrichment.py,Cluster-level ORA enrichment pipeline.,work_alpha_gnn_20260212/scripts/run_gnn_enrichment.py,deliverables/stages/04_metrics/code/work_alpha_gnn_20260212/scripts/run_gnn_enrichment.py,copied,,22426,abb9dba374dadcc6a1b0247577b38bcedde470298686c845465b4a51a265e947
04,"Internal, Consistency, Confound, Enrichment Metrics",code,true,work_alpha_gnn_20260212/scripts/validate_cluster_meta_enrichment.py,Metadata enrichment and text-coherence validation.,work_alpha_gnn_20260212/scripts/validate_cluster_meta_enrichment.py,deliverables/stages/04_metrics/code/work_alpha_gnn_20260212/scripts/validate_cluster_meta_enrichment.py,copied,,24554,c92b4e59796dc3a9f75627e8e0eb0816ab30b4873444569fcd00db75954f4407
04,"Internal, Consistency, Confound, Enrichment Metrics",doc,true,docs/metrics_reference.md,Metric definitions and interpretation reference.,docs/metrics_reference.md,deliverables/stages/04_metrics/doc/docs/metrics_reference.md,copied,,12481,e8846b6ca574a64ac7fb13d9f07c28ccd21743ba89e33b40ea01df72991db8a1
04,"Internal, Consistency, Confound, Enrichment Metrics",doc,true,work_alpha_gnn_20260212/reports/bio_validation_090_k10/mesh_vs_gse_confound_seed11.md,Confound check readout for seed 11.,work_alpha_gnn_20260212/reports/bio_validation_090_k10/mesh_vs_gse_confound_seed11.md,deliverables/stages/04_metrics/doc/work_alpha_gnn_20260212/reports/bio_validation_090_k10/mesh_vs_gse_confound_seed11.md,copied,,2068,ac09ca1f96e32655d6b710cffbcea2502c01d98fd239b459a6297a1b143647c4
04,"Internal, Consistency, Confound, Enrichment Metrics",doc,true,work_alpha_gnn_20260212/reports/bio_validation_090_k10/validation_report.md,"Main bio-validation report (subset 0.90, k=10).",work_alpha_gnn_20260212/reports/bio_validation_090_k10/validation_report.md,deliverables/stages/04_metrics/doc/work_alpha_gnn_20260212/reports/bio_validation_090_k10/validation_report.md,copied,,2519,d97f801bb58cf745d2f7c97168023a3ab2f816ce332598843d07c2197e6bb2a5
04,"Internal, Consistency, Confound, Enrichment Metrics",result,true,outputs/human_only_combined_clean/all_analyses_combined.csv,"Merged table of internal, stability, confound, and enrichment analyses.",outputs/human_only_combined_clean/all_analyses_combined.csv,deliverables/stages/04_metrics/result/outputs/human_only_combined_clean/all_analyses_combined.csv,copied,,1573,d24e224273b0174485689800e89b912a86deab1284b671424f93bc40b6fc9c87
04,"Internal, Consistency, Confound, Enrichment Metrics",result,true,outputs/human_only_combined_clean/internal_metrics_combined.csv,Combined internal clustering metrics across methods.,outputs/human_only_combined_clean/internal_metrics_combined.csv,deliverables/stages/04_metrics/result/outputs/human_only_combined_clean/internal_metrics_combined.csv,copied,,5368,168f29d2a1b88f8974a3b62003d38f874602b45eb66fa779d0877937b32f2dd6
04,"Internal, Consistency, Confound, Enrichment Metrics",result,true,outputs/human_only_combined_clean/meta_enrichment_combined.csv,Combined metadata enrichment metrics across methods.,outputs/human_only_combined_clean/meta_enrichment_combined.csv,deliverables/stages/04_metrics/result/outputs/human_only_combined_clean/meta_enrichment_combined.csv,copied,,2540,9bf7dc1613705bf3925c9c2318b3ca2597ed5d52e5db229fe92b21e18df43ee7
04,"Internal, Consistency, Confound, Enrichment Metrics",result,true,work_alpha_gnn_20260212/reports/baseline/modality_consistency_summary.csv,Modality consistency summary statistics.,work_alpha_gnn_20260212/reports/baseline/modality_consistency_summary.csv,deliverables/stages/04_metrics/result/work_alpha_gnn_20260212/reports/baseline/modality_consistency_summary.csv,copied,,782,a058853ed427f7ba81b35887538f4a308f3a1bb2169922222fe4a75ad4944065
04,"Internal, Consistency, Confound, Enrichment Metrics",result,true,work_alpha_gnn_20260212/reports/enrichment/20260213_k10_seed11,"Seeded enrichment run outputs (summary, report, term tables).",work_alpha_gnn_20260212/reports/enrichment/20260213_k10_seed11/gnn_enrichment_k10_seed11_cluster_assignments.csv,deliverables/stages/04_metrics/result/work_alpha_gnn_20260212/reports/enrichment/20260213_k10_seed11/gnn_enrichment_k10_seed11_cluster_assignments.csv,copied,,2954418,2eca35a704291c269addac6d4a8b707d18c7d82bf77aaaef615a957cb966ff4e
04,"Internal, Consistency, Confound, Enrichment Metrics",result,true,work_alpha_gnn_20260212/reports/enrichment/20260213_k10_seed11,"Seeded enrichment run outputs (summary, report, term tables).",work_alpha_gnn_20260212/reports/enrichment/20260213_k10_seed11/gnn_enrichment_k10_seed11_consensus_themes.csv,deliverables/stages/04_metrics/result/work_alpha_gnn_20260212/reports/enrichment/20260213_k10_seed11/gnn_enrichment_k10_seed11_consensus_themes.csv,copied,,4790,53c03e24f384edd2eab2a6c7ef19e88986553b21244556d3dc29b3f7cae83f1f
04,"Internal, Consistency, Confound, Enrichment Metrics",result,true,work_alpha_gnn_20260212/reports/enrichment/20260213_k10_seed11,"Seeded enrichment run outputs (summary, report, term tables).",work_alpha_gnn_20260212/reports/enrichment/20260213_k10_seed11/gnn_enrichment_k10_seed11_consensus_themes.md,deliverables/stages/04_metrics/result/work_alpha_gnn_20260212/reports/enrichment/20260213_k10_seed11/gnn_enrichment_k10_seed11_consensus_themes.md,copied,,8220,446304cf52ed2b13b74814c263462d16eeaad4b1d5b76dabea9a23f0749e194c
04,"Internal, Consistency, Confound, Enrichment Metrics",result,true,work_alpha_gnn_20260212/reports/enrichment/20260213_k10_seed11,"Seeded enrichment run outputs (summary, report, term tables).",work_alpha_gnn_20260212/reports/enrichment/20260213_k10_seed11/gnn_enrichment_k10_seed11_dedup_map.csv,deliverables/stages/04_metrics/result/work_alpha_gnn_20260212/reports/enrichment/20260213_k10_seed11/gnn_enrichment_k10_seed11_dedup_map.csv,copied,,18480,15f643d83bae3b330fdce40b057dc53af30d15f4beb1fd3f2f90e1b310b92f14
04,"Internal, Consistency, Confound, Enrichment Metrics",result,true,work_alpha_gnn_20260212/reports/enrichment/20260213_k10_seed11,"Seeded enrichment run outputs (summary, report, term tables).",work_alpha_gnn_20260212/reports/enrichment/20260213_k10_seed11/gnn_enrichment_k10_seed11_dedup_terms.csv,deliverables/stages/04_metrics/result/work_alpha_gnn_20260212/reports/enrichment/20260213_k10_seed11/gnn_enrichment_k10_seed11_dedup_terms.csv,copied,,36969,cc63feaecfe7904690e2d0b38136c59c516cf2fbb4bfb04c9e42af4f1b4514ee
04,"Internal, Consistency, Confound, Enrichment Metrics",result,true,work_alpha_gnn_20260212/reports/enrichment/20260213_k10_seed11,"Seeded enrichment run outputs (summary, report, term tables).",work_alpha_gnn_20260212/reports/enrichment/20260213_k10_seed11/gnn_enrichment_k10_seed11_report.md,deliverables/stages/04_metrics/result/work_alpha_gnn_20260212/reports/enrichment/20260213_k10_seed11/gnn_enrichment_k10_seed11_report.md,copied,,29301,a6a567d0a75a589da7b754cfc0325bd0b551213d004be3c4797874a7315e8bf6
04,"Internal, Consistency, Confound, Enrichment Metrics",result,true,work_alpha_gnn_20260212/reports/enrichment/20260213_k10_seed11,"Seeded enrichment run outputs (summary, report, term tables).",work_alpha_gnn_20260212/reports/enrichment/20260213_k10_seed11/gnn_enrichment_k10_seed11_results.csv,deliverables/stages/04_metrics/result/work_alpha_gnn_20260212/reports/enrichment/20260213_k10_seed11/gnn_enrichment_k10_seed11_results.csv,copied,,87098,41730d3c592203eea6012fd0d067c5eeee645b558b3ff477949ae0a77c920804
04,"Internal, Consistency, Confound, Enrichment Metrics",result,true,work_alpha_gnn_20260212/reports/enrichment/20260213_k10_seed11,"Seeded enrichment run outputs (summary, report, term tables).",work_alpha_gnn_20260212/reports/enrichment/20260213_k10_seed11/gnn_enrichment_k10_seed11_summary.csv,deliverables/stages/04_metrics/result/work_alpha_gnn_20260212/reports/enrichment/20260213_k10_seed11/gnn_enrichment_k10_seed11_summary.csv,copied,,4088,82fc2cd51d34df5018caa52b1ae87eebe3b56e31999037cfaa2cdf0f6a4dee5d
05,Visualizations,code,true,work_alpha_gnn_20260212/scripts/build_combined_poster_085_090.py,Combined poster builder for subset 0.85/0.90 analyses.,work_alpha_gnn_20260212/scripts/build_combined_poster_085_090.py,deliverables/stages/05_visualizations/code/work_alpha_gnn_20260212/scripts/build_combined_poster_085_090.py,copied,,12266,b7cbee51a1bee434ee61107fc38bde1572ffadb31d5980d01197eda76325500a
05,Visualizations,code,true,work_alpha_gnn_20260212/scripts/plot_embedding_umap_scatter.py,UMAP scatter plotting utility.,work_alpha_gnn_20260212/scripts/plot_embedding_umap_scatter.py,deliverables/stages/05_visualizations/code/work_alpha_gnn_20260212/scripts/plot_embedding_umap_scatter.py,copied,,19571,2d60dce9355e29f5af03da526e1e34717ead3b38e2043e8dc7b5a0bc87f69b59
05,Visualizations,doc,true,work_alpha_gnn_20260212/reports/poster_20260219_085_090/README.md,Poster output notes and artifact pointers.,work_alpha_gnn_20260212/reports/poster_20260219_085_090/README.md,deliverables/stages/05_visualizations/doc/work_alpha_gnn_20260212/reports/poster_20260219_085_090/README.md,copied,,1490,7659a1fd0652e0bbc4f4fd446c8dd7630a3cd7b3b9981e5125123574117b86d5
05,Visualizations,result,true,outputs/human_only_combined_clean,Consolidated clean figure/table outputs for internal+bio validation.,outputs/human_only_combined_clean/all_analyses_combined.csv,deliverables/stages/05_visualizations/result/outputs/human_only_combined_clean/all_analyses_combined.csv,copied,,1573,d24e224273b0174485689800e89b912a86deab1284b671424f93bc40b6fc9c87
05,Visualizations,result,true,outputs/human_only_combined_clean,Consolidated clean figure/table outputs for internal+bio validation.,outputs/human_only_combined_clean/calinski_harabasz_subset085_three_models.png,deliverables/stages/05_visualizations/result/outputs/human_only_combined_clean/calinski_harabasz_subset085_three_models.png,copied,,69438,d5b5c7f97b041a5e043facc5a2c6a4db7b3fb43b0c8caf4bc8472d0a25ed0d9d
05,Visualizations,result,true,outputs/human_only_combined_clean,Consolidated clean figure/table outputs for internal+bio validation.,outputs/human_only_combined_clean/calinski_harabasz_subset090_three_models.png,deliverables/stages/05_visualizations/result/outputs/human_only_combined_clean/calinski_harabasz_subset090_three_models.png,copied,,63675,1785b48b7310e110f325f2b5793f91545c403c00afeb95f04f46d2a3d61ed944
05,Visualizations,result,true,outputs/human_only_combined_clean,Consolidated clean figure/table outputs for internal+bio validation.,outputs/human_only_combined_clean/confound_subset085.png,deliverables/stages/05_visualizations/result/outputs/human_only_combined_clean/confound_subset085.png,copied,,52088,0dcc91ee03ad5736de210aa897bdb8dea18f60eee1840de1d66259853ff98dbc
05,Visualizations,result,true,outputs/human_only_combined_clean,Consolidated clean figure/table outputs for internal+bio validation.,outputs/human_only_combined_clean/confound_subset090.png,deliverables/stages/05_visualizations/result/outputs/human_only_combined_clean/confound_subset090.png,copied,,54246,198c433eb93caae68d1b0b4818a1e5915b431acd4f23cede29a9c33bdbd3c8d6
05,Visualizations,result,true,outputs/human_only_combined_clean,Consolidated clean figure/table outputs for internal+bio validation.,outputs/human_only_combined_clean/davies_bouldin_subset085_three_models.png,deliverables/stages/05_visualizations/result/outputs/human_only_combined_clean/davies_bouldin_subset085_three_models.png,copied,,61251,e6ce76ba2283c0c46676b24db113843d0fad963449a4429347afd79f1cc8ac16
05,Visualizations,result,true,outputs/human_only_combined_clean,Consolidated clean figure/table outputs for internal+bio validation.,outputs/human_only_combined_clean/davies_bouldin_subset090_three_models.png,deliverables/stages/05_visualizations/result/outputs/human_only_combined_clean/davies_bouldin_subset090_three_models.png,copied,,64884,1d299aea241dd8958cfc115a15d21a31d8ab88aab36937a216050fb7990b3b29
05,Visualizations,result,true,outputs/human_only_combined_clean,Consolidated clean figure/table outputs for internal+bio validation.,outputs/human_only_combined_clean/enrichment_log10q_subset085.png,deliverables/stages/05_visualizations/result/outputs/human_only_combined_clean/enrichment_log10q_subset085.png,copied,,64190,8c0cd4e86051d04c927412e1acad1433646ff38d82f93417a36ebd2cedffacb5
05,Visualizations,result,true,outputs/human_only_combined_clean,Consolidated clean figure/table outputs for internal+bio validation.,outputs/human_only_combined_clean/enrichment_log10q_subset090.png,deliverables/stages/05_visualizations/result/outputs/human_only_combined_clean/enrichment_log10q_subset090.png,copied,,62078,aa5e1e0845994744980a42ccdbeaf00843f526c614f86025a9e9d0d9e260df5b
05,Visualizations,result,true,outputs/human_only_combined_clean,Consolidated clean figure/table outputs for internal+bio validation.,outputs/human_only_combined_clean/enrichment_significant_subset085.png,deliverables/stages/05_visualizations/result/outputs/human_only_combined_clean/enrichment_significant_subset085.png,copied,,63853,214a3703de275cc8445c83e3d0f91cafd3e818b83eb22082033c2b6253863e49
05,Visualizations,result,true,outputs/human_only_combined_clean,Consolidated clean figure/table outputs for internal+bio validation.,outputs/human_only_combined_clean/enrichment_significant_subset090.png,deliverables/stages/05_visualizations/result/outputs/human_only_combined_clean/enrichment_significant_subset090.png,copied,,67384,9e67f05f47cb4f826af0005a353d23889f57870829151b045175964f728d8e7d
05,Visualizations,result,true,outputs/human_only_combined_clean,Consolidated clean figure/table outputs for internal+bio validation.,outputs/human_only_combined_clean/internal_metrics_combined.csv,deliverables/stages/05_visualizations/result/outputs/human_only_combined_clean/internal_metrics_combined.csv,copied,,5368,168f29d2a1b88f8974a3b62003d38f874602b45eb66fa779d0877937b32f2dd6
05,Visualizations,result,true,outputs/human_only_combined_clean,Consolidated clean figure/table outputs for internal+bio validation.,outputs/human_only_combined_clean/meta_enrichment_combined.csv,deliverables/stages/05_visualizations/result/outputs/human_only_combined_clean/meta_enrichment_combined.csv,copied,,2540,9bf7dc1613705bf3925c9c2318b3ca2597ed5d52e5db229fe92b21e18df43ee7
05,Visualizations,result,true,outputs/human_only_combined_clean,Consolidated clean figure/table outputs for internal+bio validation.,outputs/human_only_combined_clean/metrics_table_085_three_models.png,deliverables/stages/05_visualizations/result/outputs/human_only_combined_clean/metrics_table_085_three_models.png,copied,,357992,623a1ee35f987f073c6b8339ae9cd872e2ec8bc6b253d4bdf44f078caba24b6b
05,Visualizations,result,true,outputs/human_only_combined_clean,Consolidated clean figure/table outputs for internal+bio validation.,outputs/human_only_combined_clean/silhouette_cosine_subset085_three_models.png,deliverables/stages/05_visualizations/result/outputs/human_only_combined_clean/silhouette_cosine_subset085_three_models.png,copied,,67423,7d49a8a9338216002e2eb4be8281749efc36e2283d663dddcb001f0977f259e5
05,Visualizations,result,true,outputs/human_only_combined_clean,Consolidated clean figure/table outputs for internal+bio validation.,outputs/human_only_combined_clean/silhouette_cosine_subset090_three_models.png,deliverables/stages/05_visualizations/result/outputs/human_only_combined_clean/silhouette_cosine_subset090_three_models.png,copied,,68937,710f69d772ad0b14dec41131027b723c75047c722047ab573454a60804562b85
05,Visualizations,result,true,outputs/human_only_combined_clean,Consolidated clean figure/table outputs for internal+bio validation.,outputs/human_only_combined_clean/silhouette_euclidean_subset085_three_models.png,deliverables/stages/05_visualizations/result/outputs/human_only_combined_clean/silhouette_euclidean_subset085_three_models.png,copied,,69008,57704ae813104fb8866ab64aad5cffd73e26941e32cf105cdafb8e851df5b28d
05,Visualizations,result,true,outputs/human_only_combined_clean,Consolidated clean figure/table outputs for internal+bio validation.,outputs/human_only_combined_clean/silhouette_euclidean_subset090_three_models.png,deliverables/stages/05_visualizations/result/outputs/human_only_combined_clean/silhouette_euclidean_subset090_three_models.png,copied,,71074,15105ab60f33499a6fea7bc24ba6eb653e06ceff0058b27fa1b1d69897cfe4bd
05,Visualizations,result,true,outputs/human_only_combined_clean,Consolidated clean figure/table outputs for internal+bio validation.,outputs/human_only_combined_clean/stability_ari_subset085.png,deliverables/stages/05_visualizations/result/outputs/human_only_combined_clean/stability_ari_subset085.png,copied,,42583,ab8250ba2f0e9edc3b2c48f6dbcf740c70b55532078f6e6b398dd1db45e1d421
05,Visualizations,result,true,outputs/human_only_combined_clean,Consolidated clean figure/table outputs for internal+bio validation.,outputs/human_only_combined_clean/stability_ari_subset090.png,deliverables/stages/05_visualizations/result/outputs/human_only_combined_clean/stability_ari_subset090.png,copied,,47561,0fd9ec7b4d8246677d9673c2185c8b348ce15aaada2d1d810dcad6b8ce06623e
05,Visualizations,result,true,outputs/human_only_combined_clean,Consolidated clean figure/table outputs for internal+bio validation.,outputs/human_only_combined_clean/text_coherence_subset085.png,deliverables/stages/05_visualizations/result/outputs/human_only_combined_clean/text_coherence_subset085.png,copied,,48439,4a39938bcc5417322ad66352e0e532edacf57b1a6db5c756bd841272d3990b23
05,Visualizations,result,true,outputs/human_only_combined_clean,Consolidated clean figure/table outputs for internal+bio validation.,outputs/human_only_combined_clean/text_coherence_subset090.png,deliverables/stages/05_visualizations/result/outputs/human_only_combined_clean/text_coherence_subset090.png,copied,,50292,dac38086fb9c8e1b6d52fb44a73854d43fb3274a15c3fd0bec352259baf7a30d
05,Visualizations,result,true,outputs/human_only_combined_clean,Consolidated clean figure/table outputs for internal+bio validation.,outputs/human_only_combined_clean/umap_cosine_subset085.png,deliverables/stages/05_visualizations/result/outputs/human_only_combined_clean/umap_cosine_subset085.png,copied,,201738,3985a21b03ca64289f2d4306b4bcf8ecc7c4c334c47f8b8eb13438539aca9abf
05,Visualizations,result,true,outputs/human_only_combined_clean,Consolidated clean figure/table outputs for internal+bio validation.,outputs/human_only_combined_clean/umap_cosine_subset090.png,deliverables/stages/05_visualizations/result/outputs/human_only_combined_clean/umap_cosine_subset090.png,copied,,197905,c401e23f9cfea67c2e7cb9238c097ce0e375cf7a2d924963fca8a7f34d29f82f
05,Visualizations,result,true,outputs/human_only_combined_clean,Consolidated clean figure/table outputs for internal+bio validation.,outputs/human_only_combined_clean/umap_gnn_textonly_vs_structlite_subset085.png,deliverables/stages/05_visualizations/result/outputs/human_only_combined_clean/umap_gnn_textonly_vs_structlite_subset085.png,copied,,300428,867e98429b8c8524ef86a0e018f0660dd2b5918ff82ddf5d601987bf22dfe700
05,Visualizations,result,true,outputs/human_only_combined_clean,Consolidated clean figure/table outputs for internal+bio validation.,outputs/human_only_combined_clean/umap_gnn_textonly_vs_structlite_subset090.png,deliverables/stages/05_visualizations/result/outputs/human_only_combined_clean/umap_gnn_textonly_vs_structlite_subset090.png,copied,,254814,46289fb1ef2bd4bf7b4ee70e2ec12c6806a480aca0856a03f6062eaedaa7145f
05,Visualizations,result,true,outputs/human_only_combined_clean,Consolidated clean figure/table outputs for internal+bio validation.,outputs/human_only_combined_clean/umap_subset085.pdf,deliverables/stages/05_visualizations/result/outputs/human_only_combined_clean/umap_subset085.pdf,copied,,105873,29b6c4788d5cbb9c781bea507498ae1fc343b22e6e991a30ee1575d1430bc48f
05,Visualizations,result,true,outputs/human_only_combined_clean,Consolidated clean figure/table outputs for internal+bio validation.,outputs/human_only_combined_clean/umap_subset085.png,deliverables/stages/05_visualizations/result/outputs/human_only_combined_clean/umap_subset085.png,copied,,257848,ca4d13abfa67e89be2ca48f663669059a6b17c4f2c3a3fad7fe1ae1ba309170d
05,Visualizations,result,true,outputs/human_only_combined_clean,Consolidated clean figure/table outputs for internal+bio validation.,outputs/human_only_combined_clean/umap_subset090.pdf,deliverables/stages/05_visualizations/result/outputs/human_only_combined_clean/umap_subset090.pdf,copied,,83670,a514982dec295e7a4d289c31eaeecd7818af4b3b9f7b31c2043918dd45991cb9
05,Visualizations,result,true,outputs/human_only_combined_clean,Consolidated clean figure/table outputs for internal+bio validation.,outputs/human_only_combined_clean/umap_subset090.png,deliverables/stages/05_visualizations/result/outputs/human_only_combined_clean/umap_subset090.png,copied,,207665,66f6df021a44daf9ab38ed6ef703dc1c9209df9addf088af09e3b0068b961edd
05,Visualizations,result,true,work_alpha_gnn_20260212/artifacts/plots,Workbench-generated plot artifacts.,work_alpha_gnn_20260212/artifacts/plots/fusion_hypothesis_kmeans_combined.png,deliverables/stages/05_visualizations/result/work_alpha_gnn_20260212/artifacts/plots/fusion_hypothesis_kmeans_combined.png,copied,,510828,db72cdf24e66816e74c9b61c07106c54b69222254e81cc50ab7a159d758f7c89
05,Visualizations,result,true,work_alpha_gnn_20260212/artifacts/plots,Workbench-generated plot artifacts.,work_alpha_gnn_20260212/artifacts/plots/fusion_robust_kmeans_reduced.png,deliverables/stages/05_visualizations/result/work_alpha_gnn_20260212/artifacts/plots/fusion_robust_kmeans_reduced.png,copied,,374591,2701a160db7418bc9a4b5b47f11cc81a5a26d5ff2b230d56aa5cb3631f3a3934
05,Visualizations,result,true,work_alpha_gnn_20260212/artifacts/plots,Workbench-generated plot artifacts.,work_alpha_gnn_20260212/artifacts/plots/gnn_vs_golden_gain_heatmap.png,deliverables/stages/05_visualizations/result/work_alpha_gnn_20260212/artifacts/plots/gnn_vs_golden_gain_heatmap.png,copied,,157426,1761e911c93e16d0456bbb490637f32654493131f17b6a82dea58c226ceea3eb
05,Visualizations,result,true,work_alpha_gnn_20260212/artifacts/plots,Workbench-generated plot artifacts.,work_alpha_gnn_20260212/artifacts/plots/gnn_vs_golden_metrics_by_k.png,deliverables/stages/05_visualizations/result/work_alpha_gnn_20260212/artifacts/plots/gnn_vs_golden_metrics_by_k.png,copied,,781367,ff305d92cca290f7bea4989cd0afd2247f3815fb528107cecfeb58039bfe8cc5
05,Visualizations,result,true,work_alpha_gnn_20260212/artifacts/plots,Workbench-generated plot artifacts.,work_alpha_gnn_20260212/artifacts/plots/modality_cluster_ari_vs_k.png,deliverables/stages/05_visualizations/result/work_alpha_gnn_20260212/artifacts/plots/modality_cluster_ari_vs_k.png,copied,,108252,5ff73650144976749b0027026658e4b31d9d9d5fc7a11145926c65a631cf968b
05,Visualizations,result,true,work_alpha_gnn_20260212/artifacts/plots,Workbench-generated plot artifacts.,work_alpha_gnn_20260212/artifacts/plots/modality_nn_overlap_vs_k.png,deliverables/stages/05_visualizations/result/work_alpha_gnn_20260212/artifacts/plots/modality_nn_overlap_vs_k.png,copied,,159841,38ad4e6fa5400a7f0a61e6b1f4a2aa92e94892ac16c1360c59b0fb477512eab6
05,Visualizations,result,true,work_alpha_gnn_20260212/artifacts/plots,Workbench-generated plot artifacts.,work_alpha_gnn_20260212/artifacts/plots/modality_pairwise_similarity_scatter.png,deliverables/stages/05_visualizations/result/work_alpha_gnn_20260212/artifacts/plots/modality_pairwise_similarity_scatter.png,copied,,335654,24269501271a23121a7c100d4416916c4964e55253239ee6aeb4748a2bb946a7
05,Visualizations,result,true,work_alpha_gnn_20260212/artifacts/plots,Workbench-generated plot artifacts.,work_alpha_gnn_20260212/artifacts/plots/modality_row_cosine_hist.png,deliverables/stages/05_visualizations/result/work_alpha_gnn_20260212/artifacts/plots/modality_row_cosine_hist.png,copied,,57207,e82c5a34afb3346623a63a57b20066f22e0b411cb048116e20ee9aa9aad19e2f
05,Visualizations,result,true,work_alpha_gnn_20260212/reports/poster_20260219_085_090/poster_alpha05_fusion_vs_gnn_subset085_090.pdf,Poster-format summary figure set.,work_alpha_gnn_20260212/reports/poster_20260219_085_090/poster_alpha05_fusion_vs_gnn_subset085_090.pdf,deliverables/stages/05_visualizations/result/work_alpha_gnn_20260212/reports/poster_20260219_085_090/poster_alpha05_fusion_vs_gnn_subset085_090.pdf,copied,,492865,9270f6ab59ce00316eb94fb5d7d94d968ccd54ab9e50b7f0722e6f5b41a792ea
06,Knowledge Graph,code,true,KnowledgeGraph/build_kg.py,KG construction pipeline and core shared utilities.,KnowledgeGraph/build_kg.py,deliverables/stages/06_knowledge_graph/code/KnowledgeGraph/build_kg.py,copied,,42780,c38bb1a1986b786a4834122460d46e9e8bf0f6a53235befbe761e8340ddc6d5d
06,Knowledge Graph,code,true,KnowledgeGraph/kg_cluster_metrics.py,Build KGs and compute metrics for all A/B cluster groups.,KnowledgeGraph/kg_cluster_metrics.py,deliverables/stages/06_knowledge_graph/code/KnowledgeGraph/kg_cluster_metrics.py,copied,,32885,a76863f9bde092112ffe737a4dddb70ec89e7b9cdb0a8b992dee3e2f895ef2b7
06,Knowledge Graph,code,true,KnowledgeGraph/kg_cluster_summarize.py,LLM-driven cluster summary generation from KG evidence.,KnowledgeGraph/kg_cluster_summarize.py,deliverables/stages/06_knowledge_graph/code/KnowledgeGraph/kg_cluster_summarize.py,copied,,14675,426ea1b4879dec86b6b0ed67564bb9f62fed8ef0b9dcf827d70a9910f01fd73f
06,Knowledge Graph,code,true,KnowledgeGraph/kg_cluster_vis_sparse.py,Sparse visualization renderer for cluster KG pages.,KnowledgeGraph/kg_cluster_vis_sparse.py,deliverables/stages/06_knowledge_graph/code/KnowledgeGraph/kg_cluster_vis_sparse.py,copied,,18543,31885b18adafb16d8c94e6e8aca6656c26ecbdb05051338241cc9ca11dbdd2c5
06,Knowledge Graph,code,true,KnowledgeGraph/kg_matched_comparison.py,Matched cluster-pair KG comparison report generation.,KnowledgeGraph/kg_matched_comparison.py,deliverables/stages/06_knowledge_graph/code/KnowledgeGraph/kg_matched_comparison.py,copied,,13273,ae2a3505330bb9ad942cbe40c1df5d5c440a4d66c412b3b0bc53972e2f94da58
06,Knowledge Graph,code,true,KnowledgeGraph/vis_case_study_A8_B7.py,Case-study visual comparison script for A8 vs B7 clusters.,KnowledgeGraph/vis_case_study_A8_B7.py,deliverables/stages/06_knowledge_graph/code/KnowledgeGraph/vis_case_study_A8_B7.py,copied,,20634,42f909bc590483a0aeb09fe66a23f3901a56954cddb17bbffea40676dee52e65
06,Knowledge Graph,doc,true,KnowledgeGraph/findings_cluster8_kg_visualization.md,Narrative findings from cluster-8 KG visualization.,KnowledgeGraph/findings_cluster8_kg_visualization.md,deliverables/stages/06_knowledge_graph/doc/KnowledgeGraph/findings_cluster8_kg_visualization.md,copied,,11876,9a2b9f2de2fd87f18c30790863316aad27752e21b3949125f3202d36e4dcef0e
06,Knowledge Graph,doc,true,docs/gene_overlap_edge_methodology.md,Methodology note linking mtype construction and KG assembly.,docs/gene_overlap_edge_methodology.md,deliverables/stages/06_knowledge_graph/doc/docs/gene_overlap_edge_methodology.md,copied,,9744,9d346332315677366dcba749a1c7c27a2cffe8ff677310de8c1b5a465660775b
06,Knowledge Graph,result,true,KnowledgeGraph/cluster_metrics_out/casestudy_A8B7_centrality.csv,Case-study centrality table for A8/B7.,KnowledgeGraph/cluster_metrics_out/casestudy_A8B7_centrality.csv,deliverables/stages/06_knowledge_graph/result/KnowledgeGraph/cluster_metrics_out/casestudy_A8B7_centrality.csv,copied,,62972,93578a7f81bdaf0b2d553cea25deb959d281c56e87940ecf4dd1f3c4a5eb00ae
06,Knowledge Graph,result,true,KnowledgeGraph/cluster_metrics_out/casestudy_A8B7_report.html,Case-study narrative HTML report for A8/B7.,KnowledgeGraph/cluster_metrics_out/casestudy_A8B7_report.html,deliverables/stages/06_knowledge_graph/result/KnowledgeGraph/cluster_metrics_out/casestudy_A8B7_report.html,copied,,11998,d858383853eeb1f32483612b1dfe08188ed4f6776b37519bff0d28762e588a84
06,Knowledge Graph,result,true,KnowledgeGraph/cluster_metrics_out/casestudy_A8B7_stats.csv,Case-study edge-type statistics for A8/B7.,KnowledgeGraph/cluster_metrics_out/casestudy_A8B7_stats.csv,deliverables/stages/06_knowledge_graph/result/KnowledgeGraph/cluster_metrics_out/casestudy_A8B7_stats.csv,copied,,834,60a2f50e4fecfdb83f6635c1cae3f5f41fdd6825a1804a01e4b3a9040a60811c
06,Knowledge Graph,result,true,KnowledgeGraph/cluster_metrics_out/cluster_matched_comparison.csv,Matched A/B cluster comparison metrics.,KnowledgeGraph/cluster_metrics_out/cluster_matched_comparison.csv,deliverables/stages/06_knowledge_graph/result/KnowledgeGraph/cluster_metrics_out/cluster_matched_comparison.csv,copied,,10641,a35947720f781297e2a028a269967cc57024ef7e10a3eb56061562b625f8c3d3
06,Knowledge Graph,result,true,KnowledgeGraph/cluster_metrics_out/cluster_summaries.csv,Cluster-level biological summary CSV.,KnowledgeGraph/cluster_metrics_out/cluster_summaries.csv,deliverables/stages/06_knowledge_graph/result/KnowledgeGraph/cluster_metrics_out/cluster_summaries.csv,copied,,23811,b1629ba98b5871d71cd77982010bc48ec3063e955c55a68bf46dea9ae47754bd
06,Knowledge Graph,result,true,KnowledgeGraph/cluster_metrics_out/cluster_summaries.html,Cluster-level biological summary dashboard.,KnowledgeGraph/cluster_metrics_out/cluster_summaries.html,deliverables/stages/06_knowledge_graph/result/KnowledgeGraph/cluster_metrics_out/cluster_summaries.html,copied,,43310,82ff89caa4e1d2ece5518138fd0cea3ea610f71943522bc33fdf41b1570e97ec
06,Knowledge Graph,result,true,KnowledgeGraph/cluster_metrics_out/comparison.html,Matched A/B cluster comparison HTML report.,KnowledgeGraph/cluster_metrics_out/comparison.html,deliverables/stages/06_knowledge_graph/result/KnowledgeGraph/cluster_metrics_out/comparison.html,copied,,13391,743ec40851f2b4712385e8a3729f10272d3fa4a24aabe4de615fc4970d24204b
06,Knowledge Graph,result,true,KnowledgeGraph/cluster_metrics_out/graph_stats.csv,KG graph-level statistics summary table.,KnowledgeGraph/cluster_metrics_out/graph_stats.csv,deliverables/stages/06_knowledge_graph/result/KnowledgeGraph/cluster_metrics_out/graph_stats.csv,copied,,2302,e78d35830abe24de18499346f0a0d2ea396f5d8c0d7343487c343d4c0b6ce1b5
06,Knowledge Graph,result,true,KnowledgeGraph/cluster_metrics_out/index.html,Main KG cluster metrics dashboard index.,KnowledgeGraph/cluster_metrics_out/index.html,deliverables/stages/06_knowledge_graph/result/KnowledgeGraph/cluster_metrics_out/index.html,copied,,13087,7b47295516b519e533f0325399690b0caf5ff45bcc7f2c687d6b1c19ef746abb
06,Knowledge Graph,result,true,KnowledgeGraph/cluster_metrics_out/vis_sparse/case_study_A8_B7.html,Case-study sparse HTML visualization for A8 vs B7.,KnowledgeGraph/cluster_metrics_out/vis_sparse/case_study_A8_B7.html,deliverables/stages/06_knowledge_graph/result/KnowledgeGraph/cluster_metrics_out/vis_sparse/case_study_A8_B7.html,copied,,809544,5b8e3876b5272e4042e3442a1d107ba97352910bdd2a07c7cff506939d4ed841
06,Knowledge Graph,result,true,KnowledgeGraph/cluster_metrics_out/vis_sparse/index_sparse.html,Sparse KG visual index across groups.,KnowledgeGraph/cluster_metrics_out/vis_sparse/index_sparse.html,deliverables/stages/06_knowledge_graph/result/KnowledgeGraph/cluster_metrics_out/vis_sparse/index_sparse.html,copied,,12801,3ecb48658013f16e1233828b669959c4a82c80f6415ef26661a670e5657ca84e
06,Knowledge Graph,result,true,KnowledgeGraph/kg_adjacency_heatmaps.png,KG edge-type adjacency heatmap panel.,KnowledgeGraph/kg_adjacency_heatmaps.png,deliverables/stages/06_knowledge_graph/result/KnowledgeGraph/kg_adjacency_heatmaps.png,copied,,200862,f542ab21631a4e84f6e9832696f47c326a5abbe15521e78dd691190e539f8336
06,Knowledge Graph,result,true,KnowledgeGraph/kg_edge_summary.png,Edge-type summary figure.,KnowledgeGraph/kg_edge_summary.png,deliverables/stages/06_knowledge_graph/result/KnowledgeGraph/kg_edge_summary.png,copied,,193980,fd5867d2bb34a9287e26e2e262f47735e66018187ebc5fbf8c0e5956cfc33592
06,Knowledge Graph,result,true,KnowledgeGraph/kg_sparse_network.html,Interactive sparse-network KG visualization.,KnowledgeGraph/kg_sparse_network.html,deliverables/stages/06_knowledge_graph/result/KnowledgeGraph/kg_sparse_network.html,copied,,457366,d8bc291259f5157dab81e5b75055eb21e7e7307241258473f8cd79e47ce08c3a
