threshold,cluster,cluster_nodes,cluster_genes,universe_genes,tested_terms,term_id,term_name,term_description,k_overlap,n_cluster_genes,m_term_genes,M_universe_genes,p_value,q_value,enrichment_ratio
080,0,2959,49957,60887,124019,GEX003060,"GSE226525,GSE226527-0-vs-8-human dn","Dn genes comparing Group 0 vs Group 8 (GSE226527, human)",2000,49957,2000,60887,8.831991708016018e-176,5.60326694372808e-172,1.2187881578157216
080,0,2959,49957,60887,124019,GEX015081,GSE247506-5-vs-4-human up,"Up genes in vein blood con peripheral mononuclear cell group control vs vein blood crao peripheral mononuclear cell group v (GSE247506, human)",2000,49957,2000,60887,8.831991708016018e-176,5.60326694372808e-172,1.2187881578157216
080,0,2959,49957,60887,124019,GEX026581,GSE160542-4-vs-3-human dn,"Dn genes in ctrl 4h cell line bci ns1.1 culture air liquid interphase day 26 untreated bronchus vs ho53 24h cell line bci ns1.1 culture air liquid interphase day 26 75 um bronchus (GSE160542, human)",2000,49957,2000,60887,8.831991708016018e-176,5.60326694372808e-172,1.2187881578157216
080,0,2959,49957,60887,124019,GEX007633,GSE243230-4-vs-2-human dn,"Dn genes in mock 24h cell line t84 human colon carcinoma wt none vs ifnl 6h cell line t84 human colon carcinoma wt 100ng/ml infl1 3 (GSE243230, human)",1999,49957,1999,60887,1.0844871089320833e-175,5.60326694372808e-172,1.2187881578157216
080,0,2959,49957,60887,124019,GEX034005,GSE245059-3-vs-4-human dn,"Dn genes in ft cf epi 3d full thickness vitro model airway cell line hbe 115 primary human bronchial epithelial cells (provided culture facility ffc (istituto g. gaslini genova) cystic fibrosis epitelial f508del lhc/rpmi pneumacult vs hbe 3d full thickness vitro model airway cell line 115 primary human bronchial epithelial cells (provided culture facility ffc (istituto g. gaslini genova) cystic fibrosis epitelial f508del lhc/rpmi pneumacult (GSE245059, human)",1999,49957,1999,60887,1.0844871089320833e-175,5.60326694372808e-172,1.2187881578157216
080,0,2959,49957,60887,124019,GEX019954,GSE220620-2-vs-10-human up,"Up genes in mia paca 2 cells 1e5 bio rep cell line pdac na lxr inverse agonist time 48 hr vs mia paca 2 cells 3a4 bio rep cell line pdac na lxr inverse agonist time 48 hr (GSE220620, human)",1998,49957,1998,60887,1.3316449750391277e-175,5.60326694372808e-172,1.2187881578157214
080,0,2959,49957,60887,124019,GEX026976,GSE231200-0-vs-5-human dn,"Dn genes in zikv infected human microglial cells metformin administration 48 h replicate rnaseq [met48 cell line c20 infection+metformin time vs zikv infected human microglial cells metformin administration 16 h replicate rnaseq [met16 cell line c20 infection+metformin time (GSE231200, human)",1998,49957,1998,60887,1.3316449750391277e-175,5.60326694372808e-172,1.2187881578157214
080,0,2959,49957,60887,124019,GEX032503,GSE236598-0-vs-1-human dn,"Dn genes in dmso 24h cell line (dipg) sf8628 vs azd5153 48h cell line (dipg) sf8628 (GSE236598, human)",1998,49957,1998,60887,1.3316449750391277e-175,5.60326694372808e-172,1.2187881578157214
080,0,2959,49957,60887,124019,GEX001183,"GSE209632,GSE209820-3-vs-5-human dn","Dn genes comparing Group 3 vs Group 5 (GSE209820, human)",1997,49957,1997,60887,1.6351245325282352e-175,5.60326694372808e-172,1.2187881578157216
080,0,2959,49957,60887,124019,GEX028572,"GSE233494,GSE233495-0-vs-3-human up","Up genes comparing Group 0 vs Group 3 (GSE233495, human)",1997,49957,1997,60887,1.6351245325282352e-175,5.60326694372808e-172,1.2187881578157216
080,1,6514,57280,60887,124019,GEX003060,"GSE226525,GSE226527-0-vs-8-human dn","Dn genes comparing Group 0 vs Group 8 (GSE226527, human)",2000,57280,2000,60887,1.0919076241156431e-54,6.102407165736019e-52,1.0629713687150837
080,1,6514,57280,60887,124019,GEX010287,"GSE240896,GSE240899-5-vs-1-human dn","Dn genes comparing Group 5 vs Group 1 (GSE240899, human)",2000,57280,2000,60887,1.0919076241156431e-54,6.102407165736019e-52,1.0629713687150837
080,1,6514,57280,60887,124019,GEX011322,GSE254479-5-vs-1-human dn,"Dn genes in mcf 10a cells egf c75 3h biol rep cell line breast epithelial wt 9h plus vs mcf 10a cells egf dmso 6h biol rep cell line breast epithelial wt 9h plus (GSE254479, human)",2000,57280,2000,60887,1.0919076241156431e-54,6.102407165736019e-52,1.0629713687150837
080,1,6514,57280,60887,124019,GEX015081,GSE247506-5-vs-4-human up,"Up genes in vein blood con peripheral mononuclear cell group control vs vein blood crao peripheral mononuclear cell group v (GSE247506, human)",2000,57280,2000,60887,1.0919076241156431e-54,6.102407165736019e-52,1.0629713687150837
080,1,6514,57280,60887,124019,GEX020735,"GSE188111,GSE188123-5-vs-3-human up","Up genes comparing Group 5 vs Group 3 (GSE188123, human)",2000,57280,2000,60887,1.0919076241156431e-54,6.102407165736019e-52,1.0629713687150837
080,1,6514,57280,60887,124019,GEX022223,GSE227465-3-vs-4-human dn,"Dn genes in hbl1 a20 24hr cell line human dlbcl cas9 engineered tnfaip3 ko vs tmd8 24hr acal cell line human dlbcl cas9 engineered ko 25 nm acalabrutinib 24h (GSE227465, human)",2000,57280,2000,60887,1.0919076241156431e-54,6.102407165736019e-52,1.0629713687150837
080,1,6514,57280,60887,124019,GEX022390,"GSE246886,GSE246889-2-vs-4-human dn","Dn genes comparing Group 2 vs Group 4 (GSE246889, human)",2000,57280,2000,60887,1.0919076241156431e-54,6.102407165736019e-52,1.0629713687150837
080,1,6514,57280,60887,124019,GEX026030,GSE249721-5-vs-12-human up,"Up genes in pc9 ct 24h lung adenocarcinoma cell line epithelial subcloned yes dmso vs h4006 erlo 24h 1 lung adenocarcinoma cell line hcc4006 epithelial subcloned yes erlotinib um (GSE249721, human)",2000,57280,2000,60887,1.0919076241156431e-54,6.102407165736019e-52,1.0629713687150837
080,1,6514,57280,60887,124019,GEX026581,GSE160542-4-vs-3-human dn,"Dn genes in ctrl 4h cell line bci ns1.1 culture air liquid interphase day 26 untreated bronchus vs ho53 24h cell line bci ns1.1 culture air liquid interphase day 26 75 um bronchus (GSE160542, human)",2000,57280,2000,60887,1.0919076241156431e-54,6.102407165736019e-52,1.0629713687150837
080,1,6514,57280,60887,124019,GEX027898,GSE216570-3-vs-2-human up,"Up genes in hela input dataset 2 cell line (atcc ccl 2) human cervix cancer wild type sirna based knockdown ythdf1 ythdf3 rescue vs hek input dataset 2 cell line hek293t (atcc crl 3216) human embryo kidney wild type sirna based knockdown ythdf1 ythdf3 rescue (GSE216570, human)",2000,57280,2000,60887,1.0919076241156431e-54,6.102407165736019e-52,1.0629713687150837
080,2,913,44535,60887,124019,GEX003060,"GSE226525,GSE226527-0-vs-8-human dn","Dn genes comparing Group 0 vs Group 8 (GSE226527, human)",2000,44535,2000,60887,9.520969386285786e-278,2.501961311484874e-273,1.3671718872796677
080,2,913,44535,60887,124019,GEX007633,GSE243230-4-vs-2-human dn,"Dn genes in mock 24h cell line t84 human colon carcinoma wt none vs ifnl 6h cell line t84 human colon carcinoma wt 100ng/ml infl1 3 (GSE243230, human)",1999,44535,1999,60887,1.318109002302982e-277,2.501961311484874e-273,1.3671718872796679
080,2,913,44535,60887,124019,GEX026976,GSE231200-0-vs-5-human dn,"Dn genes in zikv infected human microglial cells metformin administration 48 h replicate rnaseq [met48 cell line c20 infection+metformin time vs zikv infected human microglial cells metformin administration 16 h replicate rnaseq [met16 cell line c20 infection+metformin time (GSE231200, human)",1998,44535,1998,60887,1.824814186158411e-277,2.501961311484874e-273,1.3671718872796674
080,2,913,44535,60887,124019,GEX001183,"GSE209632,GSE209820-3-vs-5-human dn","Dn genes comparing Group 3 vs Group 5 (GSE209820, human)",1997,44535,1997,60887,2.526289609828123e-277,2.501961311484874e-273,1.3671718872796677
080,2,913,44535,60887,124019,GEX012461,GSE229614-6-vs-1-human dn,"Dn genes in lnz308 72h brain cell line p53 del pten mut p16 wt p14arf azd6738 vs ln229 2h brain cell line p53 mut pten wt p16 del p14arf azd6738 (GSE229614, human)",1997,44535,1997,60887,2.526289609828123e-277,2.501961311484874e-273,1.3671718872796677
080,2,913,44535,60887,124019,GEX045654,GSE172116-3-vs-7-human up,"Up genes in ipsms rnaseq ldhd induced pluripotent stem cell derived macrophages vs mdms rnaseq hd monocyte derived macrophage (GSE172116, human)",1997,44535,1997,60887,2.526289609828123e-277,2.501961311484874e-273,1.3671718872796677
080,2,913,44535,60887,124019,GEX046816,"GSE223405,GSE223406-9-vs-7-human dn","Dn genes comparing Group 9 vs Group 7 (GSE223406, human)",1997,44535,1997,60887,2.526289609828123e-277,2.501961311484874e-273,1.3671718872796677
080,2,913,44535,60887,124019,GEX079889,"GSE122791,GSE122794-3-vs-4-human up","Up genes comparing Group 3 vs Group 4 (GSE122794, human)",1997,44535,1997,60887,2.526289609828123e-277,2.501961311484874e-273,1.3671718872796677
080,2,913,44535,60887,124019,GEX086552,GSE184536-11-vs-13-human up,"Up genes in mrnaseq mock 4h lung adenocarcinoma virus 4 h a549 ace2 cells vs mrnaseq sarscov2 2h lung adenocarcinoma virus sars cov 2 (usa wa1/2020) moi=2 h a549 ace2 cells (GSE184536, human)",1997,44535,1997,60887,2.526289609828123e-277,2.501961311484874e-273,1.3671718872796677
080,2,913,44535,60887,124019,GEX098040,GSE57896-2-vs-3-human dn,"Dn genes in bat dmso day 7 time days replicate librarybatch b lane multiplex human pluripotent stem cell derived brown adipose cells vs wat syki 24 hours time replicate librarybatch lane multiplex human pluripotent stem cell derived white adipose cells (GSE57896, human)",1997,44535,1997,60887,2.526289609828123e-277,2.501961311484874e-273,1.3671718872796677
080,3,2949,51793,60887,124019,GEX010287,"GSE240896,GSE240899-5-vs-1-human dn","Dn genes comparing Group 5 vs Group 1 (GSE240899, human)",2000,51793,2000,60887,8.475416719652939e-144,3.119916950944936e-140,1.1755835730697197
080,3,2949,51793,60887,124019,GEX015081,GSE247506-5-vs-4-human up,"Up genes in vein blood con peripheral mononuclear cell group control vs vein blood crao peripheral mononuclear cell group v (GSE247506, human)",2000,51793,2000,60887,8.475416719652939e-144,3.119916950944936e-140,1.1755835730697197
080,3,2949,51793,60887,124019,GEX021976,"GSE215187,GSE215188-0-vs-5-human up","Up genes comparing Group 0 vs Group 5 (GSE215188, human)",2000,51793,2000,60887,8.475416719652939e-144,3.119916950944936e-140,1.1755835730697197
080,3,2949,51793,60887,124019,GEX022390,"GSE246886,GSE246889-2-vs-4-human dn","Dn genes comparing Group 2 vs Group 4 (GSE246889, human)",2000,51793,2000,60887,8.475416719652939e-144,3.119916950944936e-140,1.1755835730697197
080,3,2949,51793,60887,124019,GEX026030,GSE249721-5-vs-12-human up,"Up genes in pc9 ct 24h lung adenocarcinoma cell line epithelial subcloned yes dmso vs h4006 erlo 24h 1 lung adenocarcinoma cell line hcc4006 epithelial subcloned yes erlotinib um (GSE249721, human)",2000,51793,2000,60887,8.475416719652939e-144,3.119916950944936e-140,1.1755835730697197
080,3,2949,51793,60887,124019,GEX026581,GSE160542-4-vs-3-human dn,"Dn genes in ctrl 4h cell line bci ns1.1 culture air liquid interphase day 26 untreated bronchus vs ho53 24h cell line bci ns1.1 culture air liquid interphase day 26 75 um bronchus (GSE160542, human)",2000,51793,2000,60887,8.475416719652939e-144,3.119916950944936e-140,1.1755835730697197
080,3,2949,51793,60887,124019,GEX027898,GSE216570-3-vs-2-human up,"Up genes in hela input dataset 2 cell line (atcc ccl 2) human cervix cancer wild type sirna based knockdown ythdf1 ythdf3 rescue vs hek input dataset 2 cell line hek293t (atcc crl 3216) human embryo kidney wild type sirna based knockdown ythdf1 ythdf3 rescue (GSE216570, human)",2000,51793,2000,60887,8.475416719652939e-144,3.119916950944936e-140,1.1755835730697197
080,3,2949,51793,60887,124019,GEX007633,GSE243230-4-vs-2-human dn,"Dn genes in mock 24h cell line t84 human colon carcinoma wt none vs ifnl 6h cell line t84 human colon carcinoma wt 100ng/ml infl1 3 (GSE243230, human)",1999,51793,1999,60887,1.0023302803287973e-143,3.119916950944936e-140,1.1755835730697197
080,3,2949,51793,60887,124019,GEX009431,GSE225725-2-vs-13-human dn,"Dn genes in exptcell na 24hrs pbmc derived expanded cells cell activation pregnenolone (200 \u00e2\u00b5m) yes 24 biological replicate technical vs exptcell na ut 0hrs pbmc derived expanded cells cell activation pregnenolone (200 \u00e2\u00b5m) 0 biological replicate technical (GSE225725, human)",1999,51793,1999,60887,1.0023302803287973e-143,3.119916950944936e-140,1.1755835730697197
080,3,2949,51793,60887,124019,GEX010974,GSE222592-4-vs-2-human up,"Up genes in shzdhhc7 22rv1 cell line prostate /infection wt vs plko 22rv1 cell line prostate /infection wt (GSE222592, human)",1999,51793,1999,60887,1.0023302803287973e-143,3.119916950944936e-140,1.1755835730697197
080,4,2396,53806,60887,124019,GEX003060,"GSE226525,GSE226527-0-vs-8-human dn","Dn genes comparing Group 0 vs Group 8 (GSE226527, human)",2000,53806,2000,60887,4.9073420848579754e-110,1.1134664018653788e-106,1.1316024235215403
080,4,2396,53806,60887,124019,GEX015081,GSE247506-5-vs-4-human up,"Up genes in vein blood con peripheral mononuclear cell group control vs vein blood crao peripheral mononuclear cell group v (GSE247506, human)",2000,53806,2000,60887,4.9073420848579754e-110,1.1134664018653788e-106,1.1316024235215403
080,4,2396,53806,60887,124019,GEX022223,GSE227465-3-vs-4-human dn,"Dn genes in hbl1 a20 24hr cell line human dlbcl cas9 engineered tnfaip3 ko vs tmd8 24hr acal cell line human dlbcl cas9 engineered ko 25 nm acalabrutinib 24h (GSE227465, human)",2000,53806,2000,60887,4.9073420848579754e-110,1.1134664018653788e-106,1.1316024235215403
080,4,2396,53806,60887,124019,GEX022390,"GSE246886,GSE246889-2-vs-4-human dn","Dn genes comparing Group 2 vs Group 4 (GSE246889, human)",2000,53806,2000,60887,4.9073420848579754e-110,1.1134664018653788e-106,1.1316024235215403
080,4,2396,53806,60887,124019,GEX026030,GSE249721-5-vs-12-human up,"Up genes in pc9 ct 24h lung adenocarcinoma cell line epithelial subcloned yes dmso vs h4006 erlo 24h 1 lung adenocarcinoma cell line hcc4006 epithelial subcloned yes erlotinib um (GSE249721, human)",2000,53806,2000,60887,4.9073420848579754e-110,1.1134664018653788e-106,1.1316024235215403
080,4,2396,53806,60887,124019,GEX026581,GSE160542-4-vs-3-human dn,"Dn genes in ctrl 4h cell line bci ns1.1 culture air liquid interphase day 26 untreated bronchus vs ho53 24h cell line bci ns1.1 culture air liquid interphase day 26 75 um bronchus (GSE160542, human)",2000,53806,2000,60887,4.9073420848579754e-110,1.1134664018653788e-106,1.1316024235215403
080,4,2396,53806,60887,124019,GEX027898,GSE216570-3-vs-2-human up,"Up genes in hela input dataset 2 cell line (atcc ccl 2) human cervix cancer wild type sirna based knockdown ythdf1 ythdf3 rescue vs hek input dataset 2 cell line hek293t (atcc crl 3216) human embryo kidney wild type sirna based knockdown ythdf1 ythdf3 rescue (GSE216570, human)",2000,53806,2000,60887,4.9073420848579754e-110,1.1134664018653788e-106,1.1316024235215403
080,4,2396,53806,60887,124019,GEX005652,"GSE212877,GSE212882-8-vs-1-human up","Up genes comparing Group 8 vs Group 1 (GSE212882, human)",1999,53806,1999,60887,5.578079423497156e-110,1.1134664018653788e-106,1.1316024235215405
080,4,2396,53806,60887,124019,GEX007633,GSE243230-4-vs-2-human dn,"Dn genes in mock 24h cell line t84 human colon carcinoma wt none vs ifnl 6h cell line t84 human colon carcinoma wt 100ng/ml infl1 3 (GSE243230, human)",1999,53806,1999,60887,5.578079423497156e-110,1.1134664018653788e-106,1.1316024235215405
080,4,2396,53806,60887,124019,GEX009431,GSE225725-2-vs-13-human dn,"Dn genes in exptcell na 24hrs pbmc derived expanded cells cell activation pregnenolone (200 \u00e2\u00b5m) yes 24 biological replicate technical vs exptcell na ut 0hrs pbmc derived expanded cells cell activation pregnenolone (200 \u00e2\u00b5m) 0 biological replicate technical (GSE225725, human)",1999,53806,1999,60887,5.578079423497156e-110,1.1134664018653788e-106,1.1316024235215405
080,5,3593,55201,60887,124019,GEX003060,"GSE226525,GSE226527-0-vs-8-human dn","Dn genes comparing Group 0 vs Group 8 (GSE226527, human)",2000,55201,2000,60887,2.1944662430597016e-87,2.9802787455948224e-84,1.1030053803373125
080,5,3593,55201,60887,124019,GEX010287,"GSE240896,GSE240899-5-vs-1-human dn","Dn genes comparing Group 5 vs Group 1 (GSE240899, human)",2000,55201,2000,60887,2.1944662430597016e-87,2.9802787455948224e-84,1.1030053803373125
080,5,3593,55201,60887,124019,GEX011322,GSE254479-5-vs-1-human dn,"Dn genes in mcf 10a cells egf c75 3h biol rep cell line breast epithelial wt 9h plus vs mcf 10a cells egf dmso 6h biol rep cell line breast epithelial wt 9h plus (GSE254479, human)",2000,55201,2000,60887,2.1944662430597016e-87,2.9802787455948224e-84,1.1030053803373125
080,5,3593,55201,60887,124019,GEX015081,GSE247506-5-vs-4-human up,"Up genes in vein blood con peripheral mononuclear cell group control vs vein blood crao peripheral mononuclear cell group v (GSE247506, human)",2000,55201,2000,60887,2.1944662430597016e-87,2.9802787455948224e-84,1.1030053803373125
080,5,3593,55201,60887,124019,GEX020735,"GSE188111,GSE188123-5-vs-3-human up","Up genes comparing Group 5 vs Group 3 (GSE188123, human)",2000,55201,2000,60887,2.1944662430597016e-87,2.9802787455948224e-84,1.1030053803373125
080,5,3593,55201,60887,124019,GEX022390,"GSE246886,GSE246889-2-vs-4-human dn","Dn genes comparing Group 2 vs Group 4 (GSE246889, human)",2000,55201,2000,60887,2.1944662430597016e-87,2.9802787455948224e-84,1.1030053803373125
080,5,3593,55201,60887,124019,GEX026030,GSE249721-5-vs-12-human up,"Up genes in pc9 ct 24h lung adenocarcinoma cell line epithelial subcloned yes dmso vs h4006 erlo 24h 1 lung adenocarcinoma cell line hcc4006 epithelial subcloned yes erlotinib um (GSE249721, human)",2000,55201,2000,60887,2.1944662430597016e-87,2.9802787455948224e-84,1.1030053803373125
080,5,3593,55201,60887,124019,GEX026581,GSE160542-4-vs-3-human dn,"Dn genes in ctrl 4h cell line bci ns1.1 culture air liquid interphase day 26 untreated bronchus vs ho53 24h cell line bci ns1.1 culture air liquid interphase day 26 75 um bronchus (GSE160542, human)",2000,55201,2000,60887,2.1944662430597016e-87,2.9802787455948224e-84,1.1030053803373125
080,5,3593,55201,60887,124019,GEX027898,GSE216570-3-vs-2-human up,"Up genes in hela input dataset 2 cell line (atcc ccl 2) human cervix cancer wild type sirna based knockdown ythdf1 ythdf3 rescue vs hek input dataset 2 cell line hek293t (atcc crl 3216) human embryo kidney wild type sirna based knockdown ythdf1 ythdf3 rescue (GSE216570, human)",2000,55201,2000,60887,2.1944662430597016e-87,2.9802787455948224e-84,1.1030053803373125
080,5,3593,55201,60887,124019,GEX007633,GSE243230-4-vs-2-human dn,"Dn genes in mock 24h cell line t84 human colon carcinoma wt none vs ifnl 6h cell line t84 human colon carcinoma wt 100ng/ml infl1 3 (GSE243230, human)",1999,55201,1999,60887,2.429001318019985e-87,2.9802787455948224e-84,1.1030053803373128
080,6,917,43556,60887,124019,GEX003060,"GSE226525,GSE226527-0-vs-8-human dn","Dn genes comparing Group 0 vs Group 8 (GSE226527, human)",2000,43556,2000,60887,1.659043453813006e-297,5.925567688026143e-293,1.3979015520249793
080,6,917,43556,60887,124019,GEX015081,GSE247506-5-vs-4-human up,"Up genes in vein blood con peripheral mononuclear cell group control vs vein blood crao peripheral mononuclear cell group v (GSE247506, human)",2000,43556,2000,60887,1.659043453813006e-297,5.925567688026143e-293,1.3979015520249793
080,6,917,43556,60887,124019,GEX008754,GSE241874-1-vs-2-human dn,"Dn genes in rna seq ttc 549 cis acbi1 cell line rhabdoid tumor 250 nm vs rna seq a204 acbi1 cell line rhabdoid tumor 250 nm (GSE241874, human)",1998,43556,1998,60887,3.3313473563865494e-297,5.925567688026143e-293,1.3979015520249793
080,6,917,43556,60887,124019,GEX001183,"GSE209632,GSE209820-3-vs-5-human dn","Dn genes comparing Group 3 vs Group 5 (GSE209820, human)",1997,43556,1997,60887,4.720591107043118e-297,5.925567688026143e-293,1.3979015520249796
080,6,917,43556,60887,124019,GEX046816,"GSE223405,GSE223406-9-vs-7-human dn","Dn genes comparing Group 9 vs Group 7 (GSE223406, human)",1997,43556,1997,60887,4.720591107043118e-297,5.925567688026143e-293,1.3979015520249796
080,6,917,43556,60887,124019,GEX079889,"GSE122791,GSE122794-3-vs-4-human up","Up genes comparing Group 3 vs Group 4 (GSE122794, human)",1997,43556,1997,60887,4.720591107043118e-297,5.925567688026143e-293,1.3979015520249796
080,6,917,43556,60887,124019,GEX086552,GSE184536-11-vs-13-human up,"Up genes in mrnaseq mock 4h lung adenocarcinoma virus 4 h a549 ace2 cells vs mrnaseq sarscov2 2h lung adenocarcinoma virus sars cov 2 (usa wa1/2020) moi=2 h a549 ace2 cells (GSE184536, human)",1997,43556,1997,60887,4.720591107043118e-297,5.925567688026143e-293,1.3979015520249796
080,6,917,43556,60887,124019,GEX118431,"GSE160304,GSE163392-7-vs-1-human dn","Dn genes comparing Group 7 vs Group 1 (GSE163392, human)",1997,43556,1997,60887,4.720591107043118e-297,5.925567688026143e-293,1.3979015520249796
080,6,917,43556,60887,124019,GEX004203,GSE233679-9-vs-13-human dn,"Dn genes in hcaec poly( c)+ nmn 1 mm rep coronary artery cell line endothelial cells vs hcaec poly( c) nmn 10 mm rep coronary artery cell line endothelial cells (GSE233679, human)",1996,43556,1996,60887,6.689132119462824e-297,5.925567688026143e-293,1.3979015520249791
080,6,917,43556,60887,124019,GEX015925,GSE213558-2-vs-5-human up,"Up genes in vsmcs replicate mpra vs hek293 pe vaf clone crispr/cas9 (GSE213558, human)",1996,43556,1996,60887,6.689132119462824e-297,5.925567688026143e-293,1.3979015520249791
080,7,1853,53117,60887,124019,GEX003060,"GSE226525,GSE226527-0-vs-8-human dn","Dn genes comparing Group 0 vs Group 8 (GSE226527, human)",2000,53117,2000,60887,1.9135835013394267e-121,4.953281969866225e-118,1.1462808517047272
080,7,1853,53117,60887,124019,GEX015081,GSE247506-5-vs-4-human up,"Up genes in vein blood con peripheral mononuclear cell group control vs vein blood crao peripheral mononuclear cell group v (GSE247506, human)",2000,53117,2000,60887,1.9135835013394267e-121,4.953281969866225e-118,1.1462808517047272
080,7,1853,53117,60887,124019,GEX020735,"GSE188111,GSE188123-5-vs-3-human up","Up genes comparing Group 5 vs Group 3 (GSE188123, human)",2000,53117,2000,60887,1.9135835013394267e-121,4.953281969866225e-118,1.1462808517047272
080,7,1853,53117,60887,124019,GEX022390,"GSE246886,GSE246889-2-vs-4-human dn","Dn genes comparing Group 2 vs Group 4 (GSE246889, human)",2000,53117,2000,60887,1.9135835013394267e-121,4.953281969866225e-118,1.1462808517047272
080,7,1853,53117,60887,124019,GEX026581,GSE160542-4-vs-3-human dn,"Dn genes in ctrl 4h cell line bci ns1.1 culture air liquid interphase day 26 untreated bronchus vs ho53 24h cell line bci ns1.1 culture air liquid interphase day 26 75 um bronchus (GSE160542, human)",2000,53117,2000,60887,1.9135835013394267e-121,4.953281969866225e-118,1.1462808517047272
080,7,1853,53117,60887,124019,GEX027898,GSE216570-3-vs-2-human up,"Up genes in hela input dataset 2 cell line (atcc ccl 2) human cervix cancer wild type sirna based knockdown ythdf1 ythdf3 rescue vs hek input dataset 2 cell line hek293t (atcc crl 3216) human embryo kidney wild type sirna based knockdown ythdf1 ythdf3 rescue (GSE216570, human)",2000,53117,2000,60887,1.9135835013394267e-121,4.953281969866225e-118,1.1462808517047272
080,7,1853,53117,60887,124019,GEX007633,GSE243230-4-vs-2-human dn,"Dn genes in mock 24h cell line t84 human colon carcinoma wt none vs ifnl 6h cell line t84 human colon carcinoma wt 100ng/ml infl1 3 (GSE243230, human)",1999,53117,1999,60887,2.2044505893594446e-121,4.953281969866225e-118,1.1462808517047274
080,7,1853,53117,60887,124019,GEX009431,GSE225725-2-vs-13-human dn,"Dn genes in exptcell na 24hrs pbmc derived expanded cells cell activation pregnenolone (200 \u00e2\u00b5m) yes 24 biological replicate technical vs exptcell na ut 0hrs pbmc derived expanded cells cell activation pregnenolone (200 \u00e2\u00b5m) 0 biological replicate technical (GSE225725, human)",1999,53117,1999,60887,2.2044505893594446e-121,4.953281969866225e-118,1.1462808517047274
080,7,1853,53117,60887,124019,GEX010974,GSE222592-4-vs-2-human up,"Up genes in shzdhhc7 22rv1 cell line prostate /infection wt vs plko 22rv1 cell line prostate /infection wt (GSE222592, human)",1999,53117,1999,60887,2.2044505893594446e-121,4.953281969866225e-118,1.1462808517047274
080,7,1853,53117,60887,124019,GEX031138,GSE227316-2-vs-3-human dn,"Dn genes in blood cell line peripheral lymphocytes cd8 il 2 (60iu) source (aldesleukin novartis) unstimulated human cd8+ cells vs pge2 blood cell line peripheral lymphocytes cd8 il 2 (60iu) + prostaglandin e2 (1um) source (aldesleukin novartis) (p5640 sigma) exhausted human cd8+ cells (GSE227316, human)",1999,53117,1999,60887,2.2044505893594446e-121,4.953281969866225e-118,1.1462808517047274
080,8,3906,55769,60887,124019,GEX003060,"GSE226525,GSE226527-0-vs-8-human dn","Dn genes comparing Group 0 vs Group 8 (GSE226527, human)",2000,55769,2000,60887,2.4962443399646273e-78,2.663234144448982e-75,1.0917714142265416
080,8,3906,55769,60887,124019,GEX015081,GSE247506-5-vs-4-human up,"Up genes in vein blood con peripheral mononuclear cell group control vs vein blood crao peripheral mononuclear cell group v (GSE247506, human)",2000,55769,2000,60887,2.4962443399646273e-78,2.663234144448982e-75,1.0917714142265416
080,8,3906,55769,60887,124019,GEX022390,"GSE246886,GSE246889-2-vs-4-human dn","Dn genes comparing Group 2 vs Group 4 (GSE246889, human)",2000,55769,2000,60887,2.4962443399646273e-78,2.663234144448982e-75,1.0917714142265416
080,8,3906,55769,60887,124019,GEX026030,GSE249721-5-vs-12-human up,"Up genes in pc9 ct 24h lung adenocarcinoma cell line epithelial subcloned yes dmso vs h4006 erlo 24h 1 lung adenocarcinoma cell line hcc4006 epithelial subcloned yes erlotinib um (GSE249721, human)",2000,55769,2000,60887,2.4962443399646273e-78,2.663234144448982e-75,1.0917714142265416
080,8,3906,55769,60887,124019,GEX026581,GSE160542-4-vs-3-human dn,"Dn genes in ctrl 4h cell line bci ns1.1 culture air liquid interphase day 26 untreated bronchus vs ho53 24h cell line bci ns1.1 culture air liquid interphase day 26 75 um bronchus (GSE160542, human)",2000,55769,2000,60887,2.4962443399646273e-78,2.663234144448982e-75,1.0917714142265416
080,8,3906,55769,60887,124019,GEX027898,GSE216570-3-vs-2-human up,"Up genes in hela input dataset 2 cell line (atcc ccl 2) human cervix cancer wild type sirna based knockdown ythdf1 ythdf3 rescue vs hek input dataset 2 cell line hek293t (atcc crl 3216) human embryo kidney wild type sirna based knockdown ythdf1 ythdf3 rescue (GSE216570, human)",2000,55769,2000,60887,2.4962443399646273e-78,2.663234144448982e-75,1.0917714142265416
080,8,3906,55769,60887,124019,GEX007633,GSE243230-4-vs-2-human dn,"Dn genes in mock 24h cell line t84 human colon carcinoma wt none vs ifnl 6h cell line t84 human colon carcinoma wt 100ng/ml infl1 3 (GSE243230, human)",1999,55769,1999,60887,2.7338448333984964e-78,2.663234144448982e-75,1.0917714142265418
080,8,3906,55769,60887,124019,GEX009431,GSE225725-2-vs-13-human dn,"Dn genes in exptcell na 24hrs pbmc derived expanded cells cell activation pregnenolone (200 \u00e2\u00b5m) yes 24 biological replicate technical vs exptcell na ut 0hrs pbmc derived expanded cells cell activation pregnenolone (200 \u00e2\u00b5m) 0 biological replicate technical (GSE225725, human)",1999,55769,1999,60887,2.7338448333984964e-78,2.663234144448982e-75,1.0917714142265418
080,8,3906,55769,60887,124019,GEX010974,GSE222592-4-vs-2-human up,"Up genes in shzdhhc7 22rv1 cell line prostate /infection wt vs plko 22rv1 cell line prostate /infection wt (GSE222592, human)",1999,55769,1999,60887,2.7338448333984964e-78,2.663234144448982e-75,1.0917714142265418
080,8,3906,55769,60887,124019,GEX031138,GSE227316-2-vs-3-human dn,"Dn genes in blood cell line peripheral lymphocytes cd8 il 2 (60iu) source (aldesleukin novartis) unstimulated human cd8+ cells vs pge2 blood cell line peripheral lymphocytes cd8 il 2 (60iu) + prostaglandin e2 (1um) source (aldesleukin novartis) (p5640 sigma) exhausted human cd8+ cells (GSE227316, human)",1999,55769,1999,60887,2.7338448333984964e-78,2.663234144448982e-75,1.0917714142265418
080,9,2437,51203,60887,124019,GEX000042,GSE243702-1-vs-3-human dn,"Dn genes in t21/gata1s/dyrk1a / day 4 megakaryocytes clone biol rep ipsc cell line tmd8 9 derived cd41+cd42b+ dyrk1a knockout hematopoietic eb differentiation vs t21/gata1s/dyrk1a+/+/+ day 7 progenitors biol rep ipsc cell line tmd8 clone 9 derived cd43+41+235+ dyrk1a untargeted hematopoietic eb differentiation (GSE243702, human)",2000,51203,2000,60887,6.005459137511095e-154,2.943057318473163e-150,1.1891295431908286
080,9,2437,51203,60887,124019,GEX003060,"GSE226525,GSE226527-0-vs-8-human dn","Dn genes comparing Group 0 vs Group 8 (GSE226527, human)",2000,51203,2000,60887,6.005459137511095e-154,2.943057318473163e-150,1.1891295431908286
080,9,2437,51203,60887,124019,GEX015081,GSE247506-5-vs-4-human up,"Up genes in vein blood con peripheral mononuclear cell group control vs vein blood crao peripheral mononuclear cell group v (GSE247506, human)",2000,51203,2000,60887,6.005459137511095e-154,2.943057318473163e-150,1.1891295431908286
080,9,2437,51203,60887,124019,GEX022223,GSE227465-3-vs-4-human dn,"Dn genes in hbl1 a20 24hr cell line human dlbcl cas9 engineered tnfaip3 ko vs tmd8 24hr acal cell line human dlbcl cas9 engineered ko 25 nm acalabrutinib 24h (GSE227465, human)",2000,51203,2000,60887,6.005459137511095e-154,2.943057318473163e-150,1.1891295431908286
080,9,2437,51203,60887,124019,GEX026581,GSE160542-4-vs-3-human dn,"Dn genes in ctrl 4h cell line bci ns1.1 culture air liquid interphase day 26 untreated bronchus vs ho53 24h cell line bci ns1.1 culture air liquid interphase day 26 75 um bronchus (GSE160542, human)",2000,51203,2000,60887,6.005459137511095e-154,2.943057318473163e-150,1.1891295431908286
080,9,2437,51203,60887,124019,GEX027898,GSE216570-3-vs-2-human up,"Up genes in hela input dataset 2 cell line (atcc ccl 2) human cervix cancer wild type sirna based knockdown ythdf1 ythdf3 rescue vs hek input dataset 2 cell line hek293t (atcc crl 3216) human embryo kidney wild type sirna based knockdown ythdf1 ythdf3 rescue (GSE216570, human)",2000,51203,2000,60887,6.005459137511095e-154,2.943057318473163e-150,1.1891295431908286
080,9,2437,51203,60887,124019,GEX007633,GSE243230-4-vs-2-human dn,"Dn genes in mock 24h cell line t84 human colon carcinoma wt none vs ifnl 6h cell line t84 human colon carcinoma wt 100ng/ml infl1 3 (GSE243230, human)",1999,51203,1999,60887,7.1874131714851e-154,2.943057318473163e-150,1.1891295431908286
080,9,2437,51203,60887,124019,GEX031138,GSE227316-2-vs-3-human dn,"Dn genes in blood cell line peripheral lymphocytes cd8 il 2 (60iu) source (aldesleukin novartis) unstimulated human cd8+ cells vs pge2 blood cell line peripheral lymphocytes cd8 il 2 (60iu) + prostaglandin e2 (1um) source (aldesleukin novartis) (p5640 sigma) exhausted human cd8+ cells (GSE227316, human)",1999,51203,1999,60887,7.1874131714851e-154,2.943057318473163e-150,1.1891295431908286
080,9,2437,51203,60887,124019,GEX035567,GSE204790-5-vs-6-human dn,"Dn genes in pax 48h cell line 293t cells human embryonic kidney parental time vs pax n3 24h cell line 293t cells human embryonic kidney time (GSE204790, human)",1999,51203,1999,60887,7.1874131714851e-154,2.943057318473163e-150,1.1891295431908286
080,9,2437,51203,60887,124019,GEX019954,GSE220620-2-vs-10-human up,"Up genes in mia paca 2 cells 1e5 bio rep cell line pdac na lxr inverse agonist time 48 hr vs mia paca 2 cells 3a4 bio rep cell line pdac na lxr inverse agonist time 48 hr (GSE220620, human)",1998,51203,1998,60887,8.601962691913138e-154,2.943057318473163e-150,1.1891295431908286
085,0,549,38057,50557,123888,GEX001183,"GSE209632,GSE209820-3-vs-5-human dn","Dn genes comparing Group 3 vs Group 5 (GSE209820, human)",1997,38057,1997,50557,7.4943714895602e-253,2.0354199303686567e-248,1.3284546863914652
085,0,549,38057,50557,123888,GEX046816,"GSE223405,GSE223406-9-vs-7-human dn","Dn genes comparing Group 9 vs Group 7 (GSE223406, human)",1997,38057,1997,50557,7.4943714895602e-253,2.0354199303686567e-248,1.3284546863914652
085,0,549,38057,50557,123888,GEX086552,GSE184536-11-vs-13-human up,"Up genes in mrnaseq mock 4h lung adenocarcinoma virus 4 h a549 ace2 cells vs mrnaseq sarscov2 2h lung adenocarcinoma virus sars cov 2 (usa wa1/2020) moi=2 h a549 ace2 cells (GSE184536, human)",1997,38057,1997,50557,7.4943714895602e-253,2.0354199303686567e-248,1.3284546863914652
085,0,549,38057,50557,123888,GEX098040,GSE57896-2-vs-3-human dn,"Dn genes in bat dmso day 7 time days replicate librarybatch b lane multiplex human pluripotent stem cell derived brown adipose cells vs wat syki 24 hours time replicate librarybatch lane multiplex human pluripotent stem cell derived white adipose cells (GSE57896, human)",1997,38057,1997,50557,7.4943714895602e-253,2.0354199303686567e-248,1.3284546863914652
085,0,549,38057,50557,123888,GEX015925,GSE213558-2-vs-5-human up,"Up genes in vsmcs replicate mpra vs hek293 pe vaf clone crispr/cas9 (GSE213558, human)",1996,38057,1996,50557,1.0092181966793319e-252,2.0354199303686567e-248,1.3284546863914652
085,0,549,38057,50557,123888,GEX070944,GSE182376-4-vs-0-human up,"Up genes in Group 4 vs Group 0 (GSE182376, human)",1996,38057,1996,50557,1.0092181966793319e-252,2.0354199303686567e-248,1.3284546863914652
085,0,549,38057,50557,123888,GEX055292,"GSE87237,GSE87239-0-vs-1-human up","Up genes comparing Group 0 vs Group 1 (GSE87239, human)",1995,38057,1995,50557,1.3590387129704828e-252,2.0354199303686567e-248,1.3284546863914652
085,0,549,38057,50557,123888,GEX059024,"GSE214108,GSE214110-7-vs-12-human up","Up genes comparing Group 7 vs Group 12 (GSE214110, human)",1995,38057,1995,50557,1.3590387129704828e-252,2.0354199303686567e-248,1.3284546863914652
085,0,549,38057,50557,123888,GEX018119,GSE206853-6-vs-7-human dn,"Dn genes in lncap rnaseq 24hr dmso rep cell line human prostate adenocarcinoma time 24 hours vs lncap rnaseq 24hr 1ae 5 \u00e2\u00b5m rep cell line human prostate adenocarcinoma um time 24 hours (GSE206853, human)",1994,38057,1994,50557,1.8301027928343665e-252,2.0354199303686567e-248,1.3284546863914655
085,0,549,38057,50557,123888,GEX028692,"GSE255774,GSE255775-4-vs-3-human dn","Dn genes comparing Group 4 vs Group 3 (GSE255775, human)",1994,38057,1994,50557,1.8301027928343665e-252,2.0354199303686567e-248,1.3284546863914655
085,1,464,30986,50557,123888,GEX000436,GSE241712-6-vs-7-human up,"Up genes in cell line hek.ddhx15 human embryonic kidney kd dtag13 vs cell line hek.ddhx15 human embryonic kidney kd dtag13 (GSE241712, human)",1707,30986,1707,50557,0.0,0.0,1.631607822887756
085,1,464,30986,50557,123888,GEX000520,"GSE242002,GSE242003-4-vs-3-human dn","Dn genes comparing Group 4 vs Group 3 (GSE242003, human)",1794,30986,1794,50557,0.0,0.0,1.631607822887756
085,1,464,30986,50557,123888,GEX002429,GSE242259-1-vs-11-human up,"Up genes in hl60 sgmir 663a rep tumor blood cell line acute myeloid leukemia lenticrisprvs none vs ht29 sgmir 663a rep tumor colon cell line colorectal adenocarcinoma lenticrisprvs none (GSE242259, human)",1498,30986,1498,50557,0.0,0.0,1.631607822887756
085,1,464,30986,50557,123888,GEX002909,"GSE213142,GSE240717-2-vs-1-human up","Up genes comparing Group 2 vs Group 1 (GSE240717, human)",1592,30986,1592,50557,0.0,0.0,1.631607822887756
085,1,464,30986,50557,123888,GEX003089,GSE228991-11-vs-5-human up,"Up genes in k562 negative ctrl bone marrow chronic myeloid leukemia cell line leukemic non target knockdown replicate vs ccd841 untreated normal colon epithelium fetus cell line con wt replicate (GSE228991, human)",1961,30986,1961,50557,0.0,0.0,1.631607822887756
085,1,464,30986,50557,123888,GEX003156,"GSE246642,GSE246643-1-vs-5-human dn","Dn genes comparing Group 1 vs Group 5 (GSE246643, human)",1831,30986,1831,50557,0.0,0.0,1.631607822887756
085,1,464,30986,50557,123888,GEX003219,GSE211128-9-vs-8-human dn,"Dn genes in huvecs cells biol rep siangptl4 cell line huvec primary endothlelial angptl4 knockdown vehicle control (pbs) time 24h vs huvecs cells biol ns cocl2 100 \u00e2\u00b5m cell line huvec primary endothlelial cobalt chloride (cocl2) time 24h (GSE211128, human)",1829,30986,1829,50557,0.0,0.0,1.631607822887756
085,1,464,30986,50557,123888,GEX003523,"GSE216249,GSE216250-11-vs-7-human dn","Dn genes comparing Group 11 vs Group 7 (GSE216250, human)",1725,30986,1725,50557,0.0,0.0,1.631607822887756
085,1,464,30986,50557,123888,GEX005175,"GSE200839,GSE233826-5-vs-4-human dn","Dn genes comparing Group 5 vs Group 4 (GSE233826, human)",1694,30986,1694,50557,0.0,0.0,1.631607822887756
085,1,464,30986,50557,123888,GEX005227,"GSE216249,GSE216250-3-vs-2-human dn","Dn genes comparing Group 3 vs Group 2 (GSE216250, human)",1498,30986,1498,50557,0.0,0.0,1.631607822887756
085,2,272,13300,50557,123888,GEX090539,GSE152377-9-vs-11-human dn,"Dn genes in pma iono captureseq stimulation 50 ng/ml 1 um ionomycin library type hiv alignment full length genome non na\u00e3\u00af resting cd4+ cells vs rmd rnaseq stimulation 20 nm romidpesin library type hiv alignment full length genome non na\u00e3\u00af resting cd4+ cells (GSE152377, human)",1972,13300,1972,50557,0.0,0.0,3.8012781954887225
085,2,272,13300,50557,123888,GEX039917,GSE193479-1-vs-2-human up,"Up genes in ncg mda stably transfected vector containing mir 200b 200a 429 human mammary tumor cell line vs ncg mda stably transfected vector containing mir 200c 141 human mammary tumor cell line (GSE193479, human)",1247,13300,1247,50557,0.0,0.0,3.801278195488722
085,2,272,13300,50557,123888,GEX043800,GSE146438-1-vs-9-human dn,"Dn genes in monocyte wtd 01nm stimulation 24hrwtd 0.1nm human vs cd8 cell stimulation activated presence nm human (GSE146438, human)",1852,13300,1852,50557,0.0,0.0,3.801278195488722
085,2,272,13300,50557,123888,GEX057737,GSE159392-7-vs-2-human up,"Up genes in neural progenitor cells parent #3 replicate ipsc derived none disease parental control vs neurons pths #4 replicate ipsc derived none disease (GSE159392, human)",1484,13300,1484,50557,0.0,0.0,3.801278195488722
085,2,272,13300,50557,123888,GEX093967,GSE159392-9-vs-2-human up,"Up genes in neural progenitor cells parent #2 replicate ipsc derived none disease parental control vs neurons pths #4 replicate ipsc derived none disease (GSE159392, human)",1378,13300,1378,50557,0.0,0.0,3.801278195488722
085,2,272,13300,50557,123888,GEX094412,GSE221793-5-vs-2-human up,"Up genes in hepg2 cell sh nc immunoprecipitation line human liver cancer wt vs hepg2 cell sh nc input line human liver cancer wt (GSE221793, human)",1238,13300,1238,50557,0.0,0.0,3.801278195488722
085,2,272,13300,50557,123888,GEX101576,GSE80963-5-vs-10-human dn,"Dn genes in pc 3 nusap1 overexpression rep passages 10 15 tumor prostatic adenocarcinoma prostate bone metastasis /variation vs du145 shrna nusap #2 knockdown 96 hrs rep passages 10 15 tumor prostatic carcinoma prostate brain metastasis /variation (GSE80963, human)",1940,13300,1940,50557,0.0,0.0,3.801278195488722
085,2,272,13300,50557,123888,GEX000544,"GSE213142,GSE240717-5-vs-4-human dn","Dn genes comparing Group 5 vs Group 4 (GSE240717, human)",1811,13300,1811,50557,0.0,0.0,3.8012781954887216
085,2,272,13300,50557,123888,GEX045938,GSE79888-4-vs-5-human dn,"Dn genes in diffuse large b cell lymphoma line gcb dlbcl sudhl6 treated dmso 24 hours replicate vs diffuse large b cell lymphoma line gcb dlbcl sudhl6 treated bcl6 inhibitor 24 hours replicate (GSE79888, human)",1798,13300,1798,50557,0.0,0.0,3.8012781954887216
085,2,272,13300,50557,123888,GEX058698,"GSE114492,GSE153671-2-vs-11-human dn","Dn genes comparing Group 2 vs Group 11 (GSE153671, human)",1986,13300,1986,50557,0.0,0.0,3.8012781954887216
085,3,421,29205,50557,123888,GEX000436,GSE241712-6-vs-7-human up,"Up genes in cell line hek.ddhx15 human embryonic kidney kd dtag13 vs cell line hek.ddhx15 human embryonic kidney kd dtag13 (GSE241712, human)",1707,29205,1707,50557,0.0,0.0,1.7311076870398907
085,3,421,29205,50557,123888,GEX000732,GSE220620-0-vs-10-human up,"Up genes in bxpc 3 cells dmso bio rep cell line pdac na vehicle time 48 hr vs mia paca 2 cells 3a4 bio rep cell line pdac na lxr inverse agonist time 48 hr (GSE220620, human)",1969,29205,1969,50557,0.0,0.0,1.7311076870398907
085,3,421,29205,50557,123888,GEX003045,GSE226590-6-vs-7-human up,"Up genes in yap1 120min tgfb knock kidney embryo cell line hek 293 cells immortalized human embryonic 1ng/ml time vs runx3 15min tgfb knock kidney embryo cell line hek 293 cells immortalized human embryonic 1ng/ml time (GSE226590, human)",1827,29205,1827,50557,0.0,0.0,1.7311076870398907
085,3,421,29205,50557,123888,GEX003089,GSE228991-11-vs-5-human up,"Up genes in k562 negative ctrl bone marrow chronic myeloid leukemia cell line leukemic non target knockdown replicate vs ccd841 untreated normal colon epithelium fetus cell line con wt replicate (GSE228991, human)",1961,29205,1961,50557,0.0,0.0,1.7311076870398907
085,3,421,29205,50557,123888,GEX004226,GSE206853-5-vs-8-human up,"Up genes in lncap rnaseq 6hr 1ae 5 \u00e2\u00b5m rep cell line human prostate adenocarcinoma um time 6 hours vs lncap rnaseq 24hr epi 001 2.5 \u00e2\u00b5m rep cell line human prostate adenocarcinoma um time 24 hours (GSE206853, human)",1970,29205,1970,50557,0.0,0.0,1.7311076870398907
085,3,421,29205,50557,123888,GEX005175,"GSE200839,GSE233826-5-vs-4-human dn","Dn genes comparing Group 5 vs Group 4 (GSE233826, human)",1694,29205,1694,50557,0.0,0.0,1.7311076870398907
085,3,421,29205,50557,123888,GEX013479,GSE149000-0-vs-1-human up,"Up genes in rsem sicyp3a5 1 cell line aspc pancreatic cancer disease pancreas /variation cyp3a5 knockdown vs rsem sinc 1 cell line aspc pancreatic cancer disease pancreas /variation (GSE149000, human)",1934,29205,1934,50557,0.0,0.0,1.7311076870398907
085,3,421,29205,50557,123888,GEX013677,"GSE155117,GSE240898-5-vs-8-human up","Up genes comparing Group 5 vs Group 8 (GSE240898, human)",1843,29205,1843,50557,0.0,0.0,1.7311076870398907
085,3,421,29205,50557,123888,GEX015726,GSE241874-3-vs-0-human up,"Up genes in rna seq ttc 549 dmso cell line rhabdoid tumor vs rna seq a204 dmso cell line rhabdoid tumor (GSE241874, human)",1711,29205,1711,50557,0.0,0.0,1.7311076870398907
085,3,421,29205,50557,123888,GEX021199,GSE227698-2-vs-1-human dn,"Dn genes in cell line mda mb 231 er breast cancer origin g0s2 overexpression control vs cell line t47d er+ breast cancer origin g0s2 overexpression 3 day (GSE227698, human)",1827,29205,1827,50557,0.0,0.0,1.7311076870398907
085,4,349,30234,50557,123888,GEX040138,GSE213013-2-vs-1-human dn,"Dn genes in u251 cells biological replicate cell line glioblastoma wt vs mcf7 cells st101 biological replicate cell line breast adenocarcinoma wt (GSE213013, human)",1581,30234,1581,50557,0.0,0.0,1.6721902493881065
085,4,349,30234,50557,123888,GEX066492,GSE162699-12-vs-13-human dn,"Dn genes in dmso 6h siupf1ll vehicle control sirna upf1ll specific hek 293 cells vs puromycin 25 sint \u00ee\u00bcg/ml sirna non targeting hek 293 cells (GSE162699, human)",1584,30234,1584,50557,0.0,0.0,1.6721902493881065
085,4,349,30234,50557,123888,GEX070590,GSE166824-6-vs-9-human up,"Up genes in msc d6 growth medium differentiation matrix hydrogel bone marrow derived cells vs msc ddr growth medium basal matrix polystyrene d3 bone marrow derived cells (GSE166824, human)",1959,30234,1959,50557,0.0,0.0,1.6721902493881065
085,4,349,30234,50557,123888,GEX076755,GSE109001-6-vs-8-human dn,"Dn genes in phaastro primary adult astrocyte donor gender male age 27yrs vs c9 ltnes d29 hipsc derived astrocyte donor gender male age teenager (GSE109001, human)",1982,30234,1982,50557,0.0,0.0,1.6721902493881065
085,4,349,30234,50557,123888,GEX077460,GSE207404-1-vs-10-human dn,"Dn genes in nan vs nan (GSE207404, human)",1982,30234,1982,50557,0.0,0.0,1.6721902493881065
085,4,349,30234,50557,123888,GEX087619,GSE164102-2-vs-4-human up,"Up genes in bulk arcuate organoid cells 100d maj vs bulk arcuate organoid cells 20d c3 (GSE164102, human)",1982,30234,1982,50557,0.0,0.0,1.6721902493881065
085,4,349,30234,50557,123888,GEX098330,GSE64962-4-vs-6-human dn,"Dn genes in corr l leucine total rna type seq corrected timepoint hours human fibroblast vs mut l leucine rpf type ribosomal profiling esco2 mutant timepoint hours human fibroblast (GSE64962, human)",1715,30234,1715,50557,0.0,0.0,1.6721902493881065
085,4,349,30234,50557,123888,GEX000388,GSE246602-4-vs-2-human up,"Up genes in igg blood cell line primary cd8+ cells wt vs b09/g02 contorsbody blood cell line primary cd8+ cells wt (GSE246602, human)",1462,30234,1462,50557,0.0,0.0,1.6721902493881062
085,4,349,30234,50557,123888,GEX000436,GSE241712-6-vs-7-human up,"Up genes in cell line hek.ddhx15 human embryonic kidney kd dtag13 vs cell line hek.ddhx15 human embryonic kidney kd dtag13 (GSE241712, human)",1707,30234,1707,50557,0.0,0.0,1.6721902493881062
085,4,349,30234,50557,123888,GEX000710,GSE180852-3-vs-2-human up,"Up genes in gs heart stage control healthy serum vs tgfb48 heart stage stimulated stimulate pdgf beta (GSE180852, human)",1909,30234,1909,50557,0.0,0.0,1.6721902493881062
085,5,516,31633,50557,123888,GEX000066,GSE233094-0-vs-1-human dn,"Dn genes in mgc803 sicontrol cell line human gastric cancer vs mgc803 sicxcr7 cell line human gastric cancer (GSE233094, human)",1849,31633,1849,50557,0.0,0.0,1.5982360193468848
085,5,516,31633,50557,123888,GEX000436,GSE241712-6-vs-7-human up,"Up genes in cell line hek.ddhx15 human embryonic kidney kd dtag13 vs cell line hek.ddhx15 human embryonic kidney kd dtag13 (GSE241712, human)",1707,31633,1707,50557,0.0,0.0,1.5982360193468848
085,5,516,31633,50557,123888,GEX000919,"GSE216249,GSE216250-11-vs-5-human dn","Dn genes comparing Group 11 vs Group 5 (GSE216250, human)",1945,31633,1945,50557,0.0,0.0,1.5982360193468848
085,5,516,31633,50557,123888,GEX001164,GSE133977-1-vs-2-human dn,"Dn genes in arcapm si diagnosis prostate cancer gender male repository source fibroblast id (atcc) vs du145 si diagnosis prostate cancer gender male repository source fibroblast id (atcc) (GSE133977, human)",1929,31633,1929,50557,0.0,0.0,1.5982360193468848
085,5,516,31633,50557,123888,GEX002189,GSE244112-4-vs-6-human up,"Up genes in wt d0 ipsc/ipsc derived cells vs tpm1ko d4 ipsc/ipsc derived cells (GSE244112, human)",1925,31633,1925,50557,0.0,0.0,1.5982360193468848
085,5,516,31633,50557,123888,GEX002219,"GSE216249,GSE216250-6-vs-0-human up","Up genes comparing Group 6 vs Group 0 (GSE216250, human)",1849,31633,1849,50557,0.0,0.0,1.5982360193468848
085,5,516,31633,50557,123888,GEX003509,GSE171700-7-vs-11-human up,"Up genes in e4 ipsc apoe replicate number vs e4 ia apoe astrocyte replicate number ipsc derived (GSE171700, human)",1933,31633,1933,50557,0.0,0.0,1.5982360193468848
085,5,516,31633,50557,123888,GEX003523,"GSE216249,GSE216250-11-vs-7-human dn","Dn genes comparing Group 11 vs Group 7 (GSE216250, human)",1725,31633,1725,50557,0.0,0.0,1.5982360193468848
085,5,516,31633,50557,123888,GEX003610,GSE185239-2-vs-3-human up,"Up genes in icp22 null infection p.. paa replicate [rna seq] human fetal foreskin fibroblasts time post hpi agent mutant herpes simplex virus 1 strain f (350 microg/ml) vs mock infection p.. paa replicate [rna seq] human fetal foreskin fibroblasts time post agent (350 microg/ml) (GSE185239, human)",1940,31633,1940,50557,0.0,0.0,1.5982360193468848
085,5,516,31633,50557,123888,GEX003649,GSE229975-2-vs-8-human dn,"Dn genes in wt d0 cell line megfp tagged actn2line (xy aics 0075 085) human pluripotent stem derived cardiomyocytes (hpsc cms) time day 0 vs c6 d6 cell line megfp tagged actn2line (xy aics 0075 085) human pluripotent stem derived cardiomyocytes (hpsc cms) hspg2 +/ time day 6 (GSE229975, human)",1583,31633,1583,50557,0.0,0.0,1.5982360193468848
085,6,393,30328,50557,123888,GEX018998,GSE221762-1-vs-8-human up,"Up genes in hek293 ici 1.5h cell line stably expressing dor human embryonic kidney 174 864 100 um vs hek293 ici 6h cell line stably expressing dor human embryonic kidney 174 864 100 um (GSE221762, human)",1718,30328,1718,50557,0.0,0.0,1.667007385914007
085,6,393,30328,50557,123888,GEX050813,GSE64962-5-vs-7-human dn,"Dn genes in corr l leucine rpf type ribosomal profiling corrected timepoint hours human fibroblast vs mut leucine total rna type seq esco2 mutant timepoint hours human fibroblast (GSE64962, human)",1848,30328,1848,50557,0.0,0.0,1.667007385914007
085,6,393,30328,50557,123888,GEX051091,GSE79804-0-vs-5-human up,"Up genes in ribo seq following transfection sirna cell line u2os sample cells vs norad post transfection cell line u2os sample sirna cells (GSE79804, human)",1948,30328,1948,50557,0.0,0.0,1.667007385914007
085,6,393,30328,50557,123888,GEX003611,GSE185239-2-vs-3-human dn,"Dn genes in icp22 null infection p.. paa replicate [rna seq] human fetal foreskin fibroblasts time post hpi agent mutant herpes simplex virus 1 strain f (350 microg/ml) vs mock infection p.. paa replicate [rna seq] human fetal foreskin fibroblasts time post agent (350 microg/ml) (GSE185239, human)",1539,30328,1539,50557,0.0,0.0,1.6670073859140069
085,6,393,30328,50557,123888,GEX022152,GSE221762-1-vs-7-human up,"Up genes in hek293 ici 1.5h cell line stably expressing dor human embryonic kidney 174 864 100 um vs hek293 ici snc80 6h cell line stably expressing dor human embryonic kidney 174 864 100 um nm (GSE221762, human)",1719,30328,1719,50557,0.0,0.0,1.6670073859140069
085,6,393,30328,50557,123888,GEX031060,GSE234988-0-vs-4-human up,"Up genes in probe enrichment adriamycin cell line method vs hela probe enrichment nat10 inhibition cell line method (GSE234988, human)",1461,30328,1461,50557,0.0,0.0,1.6670073859140069
085,6,393,30328,50557,123888,GEX034498,GSE185239-2-vs-5-human dn,"Dn genes in icp22 null infection p.. paa replicate [rna seq] human fetal foreskin fibroblasts time post hpi agent mutant herpes simplex virus 1 strain f (350 microg/ml) vs mock infection p.. replicate [rna seq] human fetal foreskin fibroblasts time post agent (GSE185239, human)",1807,30328,1807,50557,0.0,0.0,1.6670073859140069
085,6,393,30328,50557,123888,GEX038263,GSE64962-1-vs-4-human up,"Up genes in 5 corr leucine rpf type ribosomal profiling corrected timepoint hours human fibroblast vs corr l leucine total rna type seq corrected timepoint hours human fibroblast (GSE64962, human)",1693,30328,1693,50557,0.0,0.0,1.6670073859140069
085,6,393,30328,50557,123888,GEX042323,GSE189581-2-vs-0-human up,"Up genes in exp5 thp1 dms crispr ko monocyte derived macrophages infection uninfected time (hr) na population total expt 5 vs exp1 monocyte tb40/e primary cd14+ monocytes infection hcmv gfp time population total 1 infected (GSE189581, human)",1490,30328,1490,50557,0.0,0.0,1.6670073859140069
085,6,393,30328,50557,123888,GEX043111,GSE114311-1-vs-0-human up,"Up genes in wt cell line hek293t/17 sirna transfection hnrnpg plasmid pcmv3 flag rbmx barcode vs hnrnpg pc par clip antibody rabbit anti (ab190352 abcam) hek293t (GSE114311, human)",1524,30328,1524,50557,0.0,0.0,1.6670073859140069
085,7,539,37820,50557,123888,GEX022223,GSE227465-3-vs-4-human dn,"Dn genes in hbl1 a20 24hr cell line human dlbcl cas9 engineered tnfaip3 ko vs tmd8 24hr acal cell line human dlbcl cas9 engineered ko 25 nm acalabrutinib 24h (GSE227465, human)",2000,37820,2000,50557,8.179632375399819e-259,4.1914334978025804e-254,1.3367794817556848
085,7,539,37820,50557,123888,GEX001183,"GSE209632,GSE209820-3-vs-5-human dn","Dn genes comparing Group 3 vs Group 5 (GSE209820, human)",1997,37820,1997,50557,2.0374806844215864e-258,4.1914334978025804e-254,1.3367794817556848
085,7,539,37820,50557,123888,GEX046816,"GSE223405,GSE223406-9-vs-7-human dn","Dn genes comparing Group 9 vs Group 7 (GSE223406, human)",1997,37820,1997,50557,2.0374806844215864e-258,4.1914334978025804e-254,1.3367794817556848
085,7,539,37820,50557,123888,GEX086552,GSE184536-11-vs-13-human up,"Up genes in mrnaseq mock 4h lung adenocarcinoma virus 4 h a549 ace2 cells vs mrnaseq sarscov2 2h lung adenocarcinoma virus sars cov 2 (usa wa1/2020) moi=2 h a549 ace2 cells (GSE184536, human)",1997,37820,1997,50557,2.0374806844215864e-258,4.1914334978025804e-254,1.3367794817556848
085,7,539,37820,50557,123888,GEX015925,GSE213558-2-vs-5-human up,"Up genes in vsmcs replicate mpra vs hek293 pe vaf clone crispr/cas9 (GSE213558, human)",1996,37820,1996,50557,2.7618942473257244e-258,4.1914334978025804e-254,1.3367794817556846
085,7,539,37820,50557,123888,GEX081230,GSE80963-3-vs-10-human dn,"Dn genes in pc 3 egfp overexpression rep passages 10 15 tumor prostatic adenocarcinoma prostate bone metastasis /variation vs du145 shrna nusap #2 knockdown 96 hrs rep passages 10 15 tumor prostatic carcinoma prostate brain metastasis /variation (GSE80963, human)",1996,37820,1996,50557,2.7618942473257244e-258,4.1914334978025804e-254,1.3367794817556846
085,7,539,37820,50557,123888,GEX119033,"GSE110467,GSE110475-3-vs-0-human dn","Dn genes comparing Group 3 vs Group 0 (GSE110475, human)",1996,37820,1996,50557,2.7618942473257244e-258,4.1914334978025804e-254,1.3367794817556846
085,7,539,37820,50557,123888,GEX059024,"GSE214108,GSE214110-7-vs-12-human up","Up genes comparing Group 7 vs Group 12 (GSE214110, human)",1995,37820,1995,50557,3.7438411287824704e-258,4.1914334978025804e-254,1.3367794817556848
085,7,539,37820,50557,123888,GEX028692,"GSE255774,GSE255775-4-vs-3-human dn","Dn genes comparing Group 4 vs Group 3 (GSE255775, human)",1994,37820,1994,50557,5.07486620714183e-258,4.1914334978025804e-254,1.3367794817556846
085,7,539,37820,50557,123888,GEX039522,GSE80963-3-vs-9-human up,"Up genes in pc 3 egfp overexpression rep passages 10 15 tumor prostatic adenocarcinoma prostate bone metastasis /variation vs du145 shrna nusap #1 knockdown 72 hrs rep passages 10 15 tumor prostatic carcinoma prostate brain metastasis /variation (GSE80963, human)",1994,37820,1994,50557,5.07486620714183e-258,4.1914334978025804e-254,1.3367794817556846
085,8,418,38321,50557,123888,GEX086552,GSE184536-11-vs-13-human up,"Up genes in mrnaseq mock 4h lung adenocarcinoma virus 4 h a549 ace2 cells vs mrnaseq sarscov2 2h lung adenocarcinoma virus sars cov 2 (usa wa1/2020) moi=2 h a549 ace2 cells (GSE184536, human)",1997,38321,1997,50557,1.0781119958863858e-246,3.978348775577572e-242,1.3193027321833979
085,8,418,38321,50557,123888,GEX015925,GSE213558-2-vs-5-human up,"Up genes in vsmcs replicate mpra vs hek293 pe vaf clone crispr/cas9 (GSE213558, human)",1996,38321,1996,50557,1.4412717586301093e-246,3.978348775577572e-242,1.319302732183398
085,8,418,38321,50557,123888,GEX055292,"GSE87237,GSE87239-0-vs-1-human up","Up genes comparing Group 0 vs Group 1 (GSE87239, human)",1995,38321,1995,50557,1.9267477603533378e-246,3.978348775577572e-242,1.3193027321833979
085,8,418,38321,50557,123888,GEX059024,"GSE214108,GSE214110-7-vs-12-human up","Up genes comparing Group 7 vs Group 12 (GSE214110, human)",1995,38321,1995,50557,1.9267477603533378e-246,3.978348775577572e-242,1.3193027321833979
085,8,418,38321,50557,123888,GEX059966,GSE171552-4-vs-5-human dn,"Dn genes in kg 1a nt myeloblasts human leukemia cell line vs mv4 11 ven 10nm myeloblasts human leukemia cell line (GSE171552, human)",1995,38321,1995,50557,1.9267477603533378e-246,3.978348775577572e-242,1.3193027321833979
085,8,418,38321,50557,123888,GEX093130,GSE162699-0-vs-4-human up,"Up genes in puromycin 25 siupf1ll \u00ee\u00bcg/ml sirna upf1ll specific hek 293 cells vs thapsigargin 9h siupf1ll 1 agent microm sirna upf1ll specific hek 293 cells (GSE162699, human)",1995,38321,1995,50557,1.9267477603533378e-246,3.978348775577572e-242,1.3193027321833979
085,8,418,38321,50557,123888,GEX039522,GSE80963-3-vs-9-human up,"Up genes in pc 3 egfp overexpression rep passages 10 15 tumor prostatic adenocarcinoma prostate bone metastasis /variation vs du145 shrna nusap #1 knockdown 72 hrs rep passages 10 15 tumor prostatic carcinoma prostate brain metastasis /variation (GSE80963, human)",1994,38321,1994,50557,2.575732966830156e-246,3.988780072433179e-242,1.319302732183398
085,8,418,38321,50557,123888,GEX100345,GSE210020-10-vs-8-human up,"Up genes in senescent hdfs nintedanib bio rep cell line hdf human dermal fibroblast passage 50 (senescent) wt 5 micromolar vs non senescent hdfs control bio rep cell line hdf human dermal fibroblast passage 10 (non senescent) wt dmso (GSE210020, human)",1994,38321,1994,50557,2.575732966830156e-246,3.988780072433179e-242,1.319302732183398
085,8,418,38321,50557,123888,GEX053906,"GSE130128,GSE130129-2-vs-3-human up","Up genes comparing Group 2 vs Group 3 (GSE130129, human)",1993,38321,1993,50557,3.443291560260398e-246,4.265825048175402e-242,1.3193027321833979
085,8,418,38321,50557,123888,GEX054486,GSE56788-10-vs-14-human dn,"Dn genes in sibegain cell line vorinostat resistant hct116 colorectal carcinoma vs sipolr2d cell line vorinostat resistant hct116 colorectal carcinoma (GSE56788, human)",1993,38321,1993,50557,3.443291560260398e-246,4.265825048175402e-242,1.3193027321833979
085,9,422,30684,50557,123888,GEX006513,"GSE222181,GSE234342-0-vs-3-human up","Up genes comparing Group 0 vs Group 3 (GSE234342, human)",1851,30684,1851,50557,0.0,0.0,1.6476665363055667
085,9,422,30684,50557,123888,GEX007574,"GSE215757,GSE215765-1-vs-0-human dn","Dn genes comparing Group 1 vs Group 0 (GSE215765, human)",1847,30684,1847,50557,0.0,0.0,1.6476665363055667
085,9,422,30684,50557,123888,GEX008286,GSE214101-4-vs-7-human up,"Up genes in ntshrna mdamb436 breast cell line mda mb 436 epithelial non targeting shrna vs mdm2shrna mdamb231 breast cell line mda mb 231 epithelial mdm2 shrna (GSE214101, human)",1565,30684,1565,50557,0.0,0.0,1.6476665363055667
085,9,422,30684,50557,123888,GEX010540,GSE238067-4-vs-2-human up,"Up genes in skmes shluc biol rep [ctrl 2 cell line established human lung squamous carcinoma trated control shrna sequence vs h2073 wt biol rep [k1 cell line established human lung adenocarcinoma unmodified (GSE238067, human)",1969,30684,1969,50557,0.0,0.0,1.6476665363055667
085,9,422,30684,50557,123888,GEX011996,GSE180852-1-vs-2-human up,"Up genes in us heart stage uremic vs tgfb48 heart stage stimulated stimulate pdgf beta (GSE180852, human)",1931,30684,1931,50557,0.0,0.0,1.6476665363055667
085,9,422,30684,50557,123888,GEX023521,GSE218993-4-vs-1-human up,"Up genes in lncap nmyc dmso 48hr cell line agent 48h vs mr42d 170922 sp2509 cell line agent 24h (GSE218993, human)",1706,30684,1706,50557,0.0,0.0,1.6476665363055667
085,9,422,30684,50557,123888,GEX023956,"GSE226525,GSE226527-4-vs-8-human dn","Dn genes comparing Group 4 vs Group 8 (GSE226527, human)",1977,30684,1977,50557,0.0,0.0,1.6476665363055667
085,9,422,30684,50557,123888,GEX028352,"GSE242002,GSE242003-3-vs-2-human dn","Dn genes comparing Group 3 vs Group 2 (GSE242003, human)",1969,30684,1969,50557,0.0,0.0,1.6476665363055667
085,9,422,30684,50557,123888,GEX028921,GSE238013-10-vs-8-human up,"Up genes in cvb iec sorl1 wt cell line vs cvb iast sorl1 wt cell line (GSE238013, human)",1598,30684,1598,50557,0.0,0.0,1.6476665363055667
085,9,422,30684,50557,123888,GEX036142,GSE228991-11-vs-10-human up,"Up genes in k562 negative ctrl bone marrow chronic myeloid leukemia cell line leukemic non target knockdown replicate vs ccd841 positive ctrl normal colon epithelium fetus cell line con gapdh knockdown replicate (GSE228991, human)",1597,30684,1597,50557,0.0,0.0,1.6476665363055667
090,0,118,23462,43329,123544,GEX082576,GSE89189-8-vs-12-human dn,"Dn genes in x2 stimulus/ none time (hours) imgl ips microglia vs stimulus/ none time (hours) cd14+/cd16 monocytes (GSE89189, human)",1819,23462,1819,43329,0.0,0.0,1.8467735060949624
090,0,118,23462,43329,123544,GEX105673,"GSE119424,GSE120214-7-vs-2-human dn","Dn genes comparing Group 7 vs Group 2 (GSE120214, human)",1935,23462,1935,43329,0.0,0.0,1.8467735060949624
090,0,118,23462,43329,123544,GEX002072,"GSE239662,GSE239663-1-vs-2-human dn","Dn genes comparing Group 1 vs Group 2 (GSE239663, human)",1225,23462,1225,43329,0.0,0.0,1.8467735060949622
090,0,118,23462,43329,123544,GEX005373,GSE232107-11-vs-9-human dn,"Dn genes in p2 hct116 infected plexwell cell line vs p1 hct116 infected plexwell cell line (GSE232107, human)",1319,23462,1319,43329,0.0,0.0,1.8467735060949622
090,0,118,23462,43329,123544,GEX010541,GSE238067-4-vs-2-human dn,"Dn genes in skmes shluc biol rep [ctrl 2 cell line established human lung squamous carcinoma trated control shrna sequence vs h2073 wt biol rep [k1 cell line established human lung adenocarcinoma unmodified (GSE238067, human)",1788,23462,1788,43329,0.0,0.0,1.8467735060949622
090,0,118,23462,43329,123544,GEX013437,GSE221475-6-vs-2-human dn,"Dn genes in mda mb 231 cells gefitinib 1\u00e2\u00b5m cell line breast adenocarcinoma epithelial mammary gland wt 1microm time 12h vs cal51 cells gefitinib 1\u00e2\u00b5m cell line cal 51 breast carcinoma derived metastatic site pleural effusion. wt 1microm time 12h (GSE221475, human)",1301,23462,1301,43329,0.0,0.0,1.8467735060949622
090,0,118,23462,43329,123544,GEX014081,"GSE239662,GSE239663-2-vs-1-human up","Up genes comparing Group 2 vs Group 1 (GSE239663, human)",1225,23462,1225,43329,0.0,0.0,1.8467735060949622
090,0,118,23462,43329,123544,GEX017475,GSE228991-8-vs-4-human up,"Up genes in hek293 negative ctrl immortalized human embryonic kidney cells cell line normal non target knockdown replicate vs k562 untreated bone marrow chronic myeloid leukemia cell line leukemic wt replicate (GSE228991, human)",1209,23462,1209,43329,0.0,0.0,1.8467735060949622
090,0,118,23462,43329,123544,GEX019263,GSE220620-0-vs-8-human up,"Up genes in bxpc 3 cells dmso bio rep cell line pdac na vehicle time 48 hr vs mia paca 2 cells gw3965 bio rep cell line pdac na lxr agonist time 48 hr (GSE220620, human)",1968,23462,1968,43329,0.0,0.0,1.8467735060949622
090,0,118,23462,43329,123544,GEX022764,"GSE255774,GSE255775-3-vs-1-human up","Up genes comparing Group 3 vs Group 1 (GSE255775, human)",1534,23462,1534,43329,0.0,0.0,1.8467735060949622
090,1,228,24356,43329,123544,GEX073274,"GSE214108,GSE214110-3-vs-12-human dn","Dn genes comparing Group 3 vs Group 12 (GSE214110, human)",1755,24356,1755,43329,0.0,0.0,1.778986697323042
090,1,228,24356,43329,123544,GEX000711,GSE180852-3-vs-2-human dn,"Dn genes in gs heart stage control healthy serum vs tgfb48 heart stage stimulated stimulate pdgf beta (GSE180852, human)",1859,24356,1859,43329,0.0,0.0,1.7789866973230417
090,1,228,24356,43329,123544,GEX003522,"GSE216249,GSE216250-11-vs-7-human up","Up genes comparing Group 11 vs Group 7 (GSE216250, human)",1278,24356,1278,43329,0.0,0.0,1.7789866973230417
090,1,228,24356,43329,123544,GEX003523,"GSE216249,GSE216250-11-vs-7-human dn","Dn genes comparing Group 11 vs Group 7 (GSE216250, human)",1725,24356,1725,43329,0.0,0.0,1.7789866973230417
090,1,228,24356,43329,123544,GEX007217,GSE187784-11-vs-0-human up,"Up genes in nhdf ncgrna sinc gene manipulation sirna nc stimulation subcellular fractionation chromatin normal dermal fibroblast human vs nhdf sbno2ko sinc gene manipulation sbno2grna#2#3 sirna nc stimulation subcellular fractionation total normal dermal fibroblast human (GSE187784, human)",1648,24356,1648,43329,0.0,0.0,1.7789866973230417
090,1,228,24356,43329,123544,GEX007564,"GSE247717,GSE247722-5-vs-1-human dn","Dn genes comparing Group 5 vs Group 1 (GSE247722, human)",1741,24356,1741,43329,0.0,0.0,1.7789866973230417
090,1,228,24356,43329,123544,GEX008185,GSE187784-9-vs-8-human up,"Up genes in nhdf nc gene manipulation si negative control stimulation subcellular fractionation chromatin normal dermal fibroblast human vs polya nc nhdf nostimulation gene manipulation si negative control stimulation subcellular fractionation total normal dermal fibroblast human (GSE187784, human)",1808,24356,1808,43329,0.0,0.0,1.7789866973230417
090,1,228,24356,43329,123544,GEX008286,GSE214101-4-vs-7-human up,"Up genes in ntshrna mdamb436 breast cell line mda mb 436 epithelial non targeting shrna vs mdm2shrna mdamb231 breast cell line mda mb 231 epithelial mdm2 shrna (GSE214101, human)",1565,24356,1565,43329,0.0,0.0,1.7789866973230417
090,1,228,24356,43329,123544,GEX008599,GSE217399-0-vs-2-human up,"Up genes in bxpc3 vehicle biol rep cell line pancreatic ductal adenocarcinoma vs bxpc3 wb436b 0.1\u00ee\u00bcm bio rep cell line pancreatic ductal adenocarcinoma (GSE217399, human)",1346,24356,1346,43329,0.0,0.0,1.7789866973230417
090,1,228,24356,43329,123544,GEX011755,GSE220620-7-vs-8-human dn,"Dn genes in bxpc 3 cells 1e5 bio rep cell line pdac na lxr inverse agonist time 48 hr vs mia paca 2 cells gw3965 bio rep cell line pdac na lxr agonist time 48 hr (GSE220620, human)",1893,24356,1893,43329,0.0,0.0,1.7789866973230417
090,2,144,21002,43329,123544,GEX002071,"GSE239662,GSE239663-1-vs-2-human up","Up genes comparing Group 1 vs Group 2 (GSE239663, human)",1258,21002,1258,43329,0.0,0.0,2.0630892295971814
090,2,144,21002,43329,123544,GEX004129,GSE221762-6-vs-7-human up,"Up genes in hek293 snc80 1.5h cell line stably expressing dor human embryonic kidney 100 nm vs hek293 ici snc80 6h cell line stably expressing dor human embryonic kidney 174 864 100 um nm (GSE221762, human)",1378,21002,1378,43329,0.0,0.0,2.0630892295971814
090,2,144,21002,43329,123544,GEX010901,GSE213558-1-vs-5-human up,"Up genes in cms replicate mpra vs hek293 pe vaf clone crispr/cas9 (GSE213558, human)",1532,21002,1532,43329,0.0,0.0,2.0630892295971814
090,2,144,21002,43329,123544,GEX014082,"GSE239662,GSE239663-2-vs-1-human dn","Dn genes comparing Group 2 vs Group 1 (GSE239663, human)",1258,21002,1258,43329,0.0,0.0,2.0630892295971814
090,2,144,21002,43329,123544,GEX018309,GSE249903-9-vs-6-human dn,"Dn genes in msto 211h dmso 48h cell line mesothelioma time vs nci h226 xenograft mrk 30mpk 5d cell line mesothelioma time (GSE249903, human)",1906,21002,1906,43329,0.0,0.0,2.0630892295971814
090,2,144,21002,43329,123544,GEX024058,GSE221762-2-vs-6-human dn,"Dn genes in hek293 dpdpe 6h cell line stably expressing dor human embryonic kidney 100 nm vs hek293 snc80 1.5h cell line stably expressing dor human embryonic kidney 100 nm (GSE221762, human)",1482,21002,1482,43329,0.0,0.0,2.0630892295971814
090,2,144,21002,43329,123544,GEX027185,GSE158081-0-vs-5-human dn,"Dn genes in huvec flow 0 min donorid human umbilical vein endothelial cell experimentalcondition flow0min cells vs huvec early culture donorid human umbilical vein endothelial cell experimentalcondition cultureearly cells (GSE158081, human)",1603,21002,1603,43329,0.0,0.0,2.0630892295971814
090,2,144,21002,43329,123544,GEX032806,"GSE227973,GSE227974-2-vs-5-human dn","Dn genes comparing Group 2 vs Group 5 (GSE227974, human)",1536,21002,1536,43329,0.0,0.0,2.0630892295971814
090,2,144,21002,43329,123544,GEX034927,GSE221762-6-vs-8-human up,"Up genes in hek293 snc80 1.5h cell line stably expressing dor human embryonic kidney 100 nm vs hek293 ici 6h cell line stably expressing dor human embryonic kidney 174 864 100 um (GSE221762, human)",1217,21002,1217,43329,0.0,0.0,2.0630892295971814
090,2,144,21002,43329,123544,GEX038838,GSE156184-2-vs-1-human dn,"Dn genes in bleo bleomycin normal human prostate derived primary stromal cells passage 15 20 cell line psc27 vs bleo/ala bleomycin/alpha lipoic acid normal human prostate derived primary stromal cells passage 15 20 cell line psc27 (GSE156184, human)",1326,21002,1326,43329,0.0,0.0,2.0630892295971814
090,3,61,18630,43329,123544,GEX020061,GSE214101-0-vs-5-human up,"Up genes in protac mdamb231 breast cell line mda mb 231 epithelial mdm2 vs protac mdamb436 breast cell line mda mb 436 epithelial mdm2 (GSE214101, human)",1717,18630,1717,43329,0.0,0.0,2.325764895330113
090,3,61,18630,43329,123544,GEX033932,"GSE83563,GSE83565-1-vs-3-human dn","Dn genes comparing Group 1 vs Group 3 (GSE83565, human)",1879,18630,1879,43329,0.0,0.0,2.325764895330113
090,3,61,18630,43329,123544,GEX044749,"GSE161846,GSE161849-3-vs-1-human dn","Dn genes comparing Group 3 vs Group 1 (GSE161849, human)",1349,18630,1349,43329,0.0,0.0,2.325764895330113
090,3,61,18630,43329,123544,GEX098330,GSE64962-4-vs-6-human dn,"Dn genes in corr l leucine total rna type seq corrected timepoint hours human fibroblast vs mut l leucine rpf type ribosomal profiling esco2 mutant timepoint hours human fibroblast (GSE64962, human)",1715,18630,1715,43329,0.0,0.0,2.325764895330113
090,3,61,18630,43329,123544,GEX001064,"GSE247717,GSE247722-1-vs-0-human dn","Dn genes comparing Group 1 vs Group 0 (GSE247722, human)",1854,18630,1854,43329,0.0,0.0,2.3257648953301127
090,3,61,18630,43329,123544,GEX002898,"GSE255774,GSE255775-2-vs-0-human dn","Dn genes comparing Group 2 vs Group 0 (GSE255775, human)",1988,18630,1988,43329,0.0,0.0,2.3257648953301127
090,3,61,18630,43329,123544,GEX003977,"GSE232571,GSE232573-2-vs-4-human dn","Dn genes comparing Group 2 vs Group 4 (GSE232573, human)",1363,18630,1363,43329,0.0,0.0,2.3257648953301127
090,3,61,18630,43329,123544,GEX007443,GSE233647-3-vs-5-human up,"Up genes in pc3dr cell line pc3 dr pca bone metastasis ru486 lines vs du145dr cell line du 145dr pca central nervous system metastasis doc lines (GSE233647, human)",1624,18630,1624,43329,0.0,0.0,2.3257648953301127
090,3,61,18630,43329,123544,GEX012989,"GSE241448,GSE241450-11-vs-3-human dn","Dn genes comparing Group 11 vs Group 3 (GSE241450, human)",1353,18630,1353,43329,0.0,0.0,2.3257648953301127
090,3,61,18630,43329,123544,GEX013121,GSE217210-8-vs-0-human up,"Up genes in primary syncytiotrophoblasts dmso placenta cell line n/ male vs trophoblast 90um mehp placenta cell line htr 8/svneo n/ (GSE217210, human)",1433,18630,1433,43329,0.0,0.0,2.3257648953301127
090,4,373,36204,43329,123544,GEX085967,"GSE211052,GSE211054-3-vs-5-human dn","Dn genes comparing Group 3 vs Group 5 (GSE211054, human)",1996,36204,1996,43329,1.5949476127989418e-160,1.2346398007892585e-155,1.1968014584023863
090,4,373,36204,43329,123544,GEX028692,"GSE255774,GSE255775-4-vs-3-human dn","Dn genes comparing Group 4 vs Group 3 (GSE255775, human)",1994,36204,1994,43329,2.328511283537521e-160,1.2346398007892585e-155,1.1968014584023865
090,4,373,36204,43329,123544,GEX068985,GSE187345-3-vs-8-human dn,"Dn genes in cold l exposure long (90 mins) div 40 ipsc derived sensory neurons vs heat l exposure long (90 mins) div 40 ipsc derived sensory neurons (GSE187345, human)",1992,36204,1992,43329,3.3993941121492385e-160,1.2346398007892585e-155,1.1968014584023865
090,4,373,36204,43329,123544,GEX033868,"GSE255774,GSE255775-4-vs-0-human dn","Dn genes comparing Group 4 vs Group 0 (GSE255775, human)",1989,36204,1989,43329,5.996113777063678e-160,1.2346398007892585e-155,1.1968014584023865
090,4,373,36204,43329,123544,GEX083892,GSE207310-8-vs-7-human dn,"Dn genes in liver biopsy sex female preservation rnalater steatosis activity fibrosis score kleiner grade nafld vs liver biopsy sex preservation snap frozen steatosis activity fibrosis score kleiner grade 2 nafld (GSE207310, human)",1989,36204,1989,43329,5.996113777063678e-160,1.2346398007892585e-155,1.1968014584023865
090,4,373,36204,43329,123544,GEX104126,GSE207310-7-vs-8-human up,"Up genes in liver biopsy sex preservation snap frozen steatosis activity fibrosis score kleiner grade 2 nafld vs liver biopsy sex female preservation rnalater steatosis activity fibrosis score kleiner grade nafld (GSE207310, human)",1989,36204,1989,43329,5.996113777063678e-160,1.2346398007892585e-155,1.1968014584023865
090,4,373,36204,43329,123544,GEX074414,"GSE211052,GSE211054-3-vs-6-human dn","Dn genes comparing Group 3 vs Group 6 (GSE211054, human)",1987,36204,1987,43329,8.753286799142097e-160,1.544880091876016e-155,1.1968014584023863
090,4,373,36204,43329,123544,GEX058954,"GSE102469,GSE102472-2-vs-5-human dn","Dn genes comparing Group 2 vs Group 5 (GSE102472, human)",1982,36204,1982,43329,2.2536481562179495e-159,3.0936078645754485e-155,1.1968014584023865
090,4,373,36204,43329,123544,GEX076755,GSE109001-6-vs-8-human dn,"Dn genes in phaastro primary adult astrocyte donor gender male age 27yrs vs c9 ltnes d29 hipsc derived astrocyte donor gender male age teenager (GSE109001, human)",1982,36204,1982,43329,2.2536481562179495e-159,3.0936078645754485e-155,1.1968014584023865
090,4,373,36204,43329,123544,GEX001291,"GSE209632,GSE209820-0-vs-3-human up","Up genes comparing Group 0 vs Group 3 (GSE209820, human)",1977,36204,1977,43329,5.801581534507649e-159,6.515914446356482e-155,1.1968014584023865
090,5,172,10290,43329,123544,GEX044165,GSE140997-2-vs-7-human up,"Up genes in rna seq cell line h9 control (wild type crispr (random)) 3 human embryonic stem cells vs rna seq cell line hek293 nsun6 knockout (clone 2 nucleotide indel) 4 human embryonic kidney 293 cells (GSE140997, human)",1764,10290,1764,43329,0.0,0.0,4.2107871720116625
090,5,172,10290,43329,123544,GEX003293,"GSE227973,GSE227974-1-vs-2-human dn","Dn genes comparing Group 1 vs Group 2 (GSE227974, human)",748,10290,748,43329,0.0,0.0,4.210787172011662
090,5,172,10290,43329,123544,GEX018998,GSE221762-1-vs-8-human up,"Up genes in hek293 ici 1.5h cell line stably expressing dor human embryonic kidney 174 864 100 um vs hek293 ici 6h cell line stably expressing dor human embryonic kidney 174 864 100 um (GSE221762, human)",1718,10290,1718,43329,0.0,0.0,4.210787172011662
090,5,172,10290,43329,123544,GEX022152,GSE221762-1-vs-7-human up,"Up genes in hek293 ici 1.5h cell line stably expressing dor human embryonic kidney 174 864 100 um vs hek293 ici snc80 6h cell line stably expressing dor human embryonic kidney 174 864 100 um nm (GSE221762, human)",1719,10290,1719,43329,0.0,0.0,4.210787172011662
090,5,172,10290,43329,123544,GEX038945,GSE114311-0-vs-3-human dn,"Dn genes in hnrnpg pc par clip antibody rabbit anti (ab190352 abcam) hek293t vs ncv cell line hek293t/17 sirna transfection hnrnpg plasmid pcmv3 flag barcode (GSE114311, human)",1615,10290,1615,43329,0.0,0.0,4.210787172011662
090,5,172,10290,43329,123544,GEX043842,GSE106368-3-vs-4-human dn,"Dn genes in untreated 293hek small parental cells 293 atcc number crl 1573 embrionic kidney (pubmed id 886304) cell line flp rex (invitrogen) experimental set grsf1 sequenced rna species ( ~20 ~200 nucleotides) sample type control vs pnpase silenced parental cells 293 atcc number crl 1573 embrionic kidney (pubmed id 886304) cell line transgenic flp rex experimental set degradosome (hsuv3 pnpase) sequenced rna species long (> ~100 nucleotides) rrna depleted (GSE106368, human)",815,10290,815,43329,0.0,0.0,4.210787172011662
090,5,172,10290,43329,123544,GEX054085,GSE132447-5-vs-10-human up,"Up genes in rna seq tat 6 hr recovery replicate primary neurons vs small rna seq heat shock hr recovery replicate primary neurons (GSE132447, human)",549,10290,549,43329,0.0,0.0,4.210787172011662
090,5,172,10290,43329,123544,GEX083891,GSE207310-8-vs-7-human up,"Up genes in liver biopsy sex female preservation rnalater steatosis activity fibrosis score kleiner grade nafld vs liver biopsy sex preservation snap frozen steatosis activity fibrosis score kleiner grade 2 nafld (GSE207310, human)",655,10290,655,43329,0.0,0.0,4.210787172011662
090,5,172,10290,43329,123544,GEX096686,GSE140997-6-vs-7-human up,"Up genes in rna seq cell line h9 nsun6 knockout (clone 3 nucleotide indel exon9) human embryonic stem cells vs rna seq cell line hek293 nsun6 knockout (clone 2 nucleotide indel) 4 human embryonic kidney 293 cells (GSE140997, human)",1648,10290,1648,43329,0.0,0.0,4.210787172011662
090,5,172,10290,43329,123544,GEX097124,GSE193704-0-vs-1-human up,"Up genes in withdox nooht replicate chip antibody none 4 oht (er yap2sa) non induced dox ( comp) mcf10a er yap2sa comp vs nodox nooht replicate chip antibody none 4 oht (er yap2sa) non induced dox ( comp) mcf10a er yap2sa comp (GSE193704, human)",748,10290,748,43329,0.0,0.0,4.210787172011662
090,6,120,20926,43329,123544,GEX000043,GSE255299-10-vs-2-human up,"Up genes in circulating tumor cells (ctcs) id 6 day (relative start date) 0 vs cell line a375 melanoma id day (relative start date) 0 (GSE255299, human)",1561,20926,1561,43329,0.0,0.0,2.070582051036988
090,6,120,20926,43329,123544,GEX000733,GSE220620-0-vs-10-human dn,"Dn genes in bxpc 3 cells dmso bio rep cell line pdac na vehicle time 48 hr vs mia paca 2 cells 3a4 bio rep cell line pdac na lxr inverse agonist time 48 hr (GSE220620, human)",1991,20926,1991,43329,0.0,0.0,2.070582051036988
090,6,120,20926,43329,123544,GEX001349,"GSE172238,GSE172240-4-vs-11-human up","Up genes comparing Group 4 vs Group 11 (GSE172240, human)",1443,20926,1443,43329,0.0,0.0,2.070582051036988
090,6,120,20926,43329,123544,GEX011755,GSE220620-7-vs-8-human dn,"Dn genes in bxpc 3 cells 1e5 bio rep cell line pdac na lxr inverse agonist time 48 hr vs mia paca 2 cells gw3965 bio rep cell line pdac na lxr agonist time 48 hr (GSE220620, human)",1893,20926,1893,43329,0.0,0.0,2.070582051036988
090,6,120,20926,43329,123544,GEX027487,GSE255299-2-vs-10-human dn,"Dn genes in cell line a375 melanoma id day (relative start date) 0 vs circulating tumor cells (ctcs) id 6 day (relative start date) 0 (GSE255299, human)",1561,20926,1561,43329,0.0,0.0,2.070582051036988
090,6,120,20926,43329,123544,GEX039918,GSE193479-1-vs-2-human dn,"Dn genes in ncg mda stably transfected vector containing mir 200b 200a 429 human mammary tumor cell line vs ncg mda stably transfected vector containing mir 200c 141 human mammary tumor cell line (GSE193479, human)",1425,20926,1425,43329,0.0,0.0,2.070582051036988
090,6,120,20926,43329,123544,GEX055573,GSE123943-2-vs-0-human dn,"Dn genes in 697 ctrl repl. sirna replicate cell line b cells vs reh sox11 ko repl. sirna replicate cell line b cells (GSE123943, human)",1806,20926,1806,43329,0.0,0.0,2.070582051036988
090,6,120,20926,43329,123544,GEX084200,GSE121905-2-vs-3-human dn,"Dn genes in hepg2 ctl transcription factor overexpression none hepatoma cells vs hlc h9 transcription factor overexpression none stem cell derived hepatocytes (GSE121905, human)",1955,20926,1955,43329,0.0,0.0,2.070582051036988
090,6,120,20926,43329,123544,GEX116668,GSE86064-4-vs-5-human dn,"Dn genes in dgm lae bc smoking status copd smoker large airway basal cells cultured epithelium vs dgm m12 sm smoking status nonsmoker small airway epithelial cells (GSE86064, human)",1488,20926,1488,43329,0.0,0.0,2.070582051036988
090,6,120,20926,43329,123544,GEX000794,"GSE216249,GSE216250-10-vs-3-human dn","Dn genes comparing Group 10 vs Group 3 (GSE216250, human)",1308,20926,1308,43329,0.0,0.0,2.0705820510369874
090,7,140,22605,43329,123544,GEX020062,GSE214101-0-vs-5-human dn,"Dn genes in protac mdamb231 breast cell line mda mb 231 epithelial mdm2 vs protac mdamb436 breast cell line mda mb 436 epithelial mdm2 (GSE214101, human)",1561,22605,1561,43329,0.0,0.0,1.9167883211678836
090,7,140,22605,43329,123544,GEX046547,GSE227592-5-vs-2-human up,"Up genes in wt a549 amplicon seq rsev n5t cell line lung carcinoma epithelial cells (moi=5) vs wt a549 mock 1dpi 1 cell line lung carcinoma epithelial cells dpi (GSE227592, human)",1499,22605,1499,43329,0.0,0.0,1.9167883211678836
090,7,140,22605,43329,123544,GEX050207,GSE182376-0-vs-3-human dn,"Dn genes in Group 0 vs Group 3 (GSE182376, human)",1548,22605,1548,43329,0.0,0.0,1.9167883211678836
090,7,140,22605,43329,123544,GEX065426,"GSE153972,GSE153973-5-vs-6-human dn","Dn genes comparing Group 5 vs Group 6 (GSE153973, human)",1866,22605,1866,43329,0.0,0.0,1.9167883211678836
090,7,140,22605,43329,123544,GEX119726,GSE97326-2-vs-7-human up,"Up genes in mcf7 shbap1 breast cancer cell passages low (6 10) line bap1 shrna cal51 vs hek293t mll3 ki kidney cell line passages low (6 10) /variation mutation (GSE97326, human)",1423,22605,1423,43329,0.0,0.0,1.9167883211678836
090,7,140,22605,43329,123544,GEX002844,"GSE155117,GSE240898-5-vs-3-human up","Up genes comparing Group 5 vs Group 3 (GSE240898, human)",1413,22605,1413,43329,0.0,0.0,1.9167883211678833
090,7,140,22605,43329,123544,GEX006329,"GSE239585,GSE239588-1-vs-0-human dn","Dn genes comparing Group 1 vs Group 0 (GSE239588, human)",1150,22605,1150,43329,0.0,0.0,1.9167883211678833
090,7,140,22605,43329,123544,GEX008185,GSE187784-9-vs-8-human up,"Up genes in nhdf nc gene manipulation si negative control stimulation subcellular fractionation chromatin normal dermal fibroblast human vs polya nc nhdf nostimulation gene manipulation si negative control stimulation subcellular fractionation total normal dermal fibroblast human (GSE187784, human)",1808,22605,1808,43329,0.0,0.0,1.9167883211678833
090,7,140,22605,43329,123544,GEX009382,GSE229975-3-vs-0-human up,"Up genes in wt d30 cell line megfp tagged actn2line (xy aics 0075 085) human pluripotent stem derived cardiomyocytes (hpsc cms) time day 30 vs c6 d0 cell line megfp tagged actn2line (xy aics 0075 085) human pluripotent stem derived cardiomyocytes (hpsc cms) hspg2 +/ time day 0 (GSE229975, human)",1498,22605,1498,43329,0.0,0.0,1.9167883211678833
090,7,140,22605,43329,123544,GEX012671,GSE213610-1-vs-3-human dn,"Dn genes in ca3 neurons (rna seq) disease state sad n/ vs hpnpcs (rna seq) disease state sad n/ (GSE213610, human)",1823,22605,1823,43329,0.0,0.0,1.9167883211678833
090,8,176,22694,43329,123544,GEX002207,GSE214101-6-vs-5-human up,"Up genes in dmso mdamb231 breast cell line mda mb 231 epithelial vs protac mdamb436 breast cell line mda mb 436 epithelial mdm2 (GSE214101, human)",1902,22694,1902,43329,0.0,0.0,1.9092711729972682
090,8,176,22694,43329,123544,GEX002905,"GSE216249,GSE216250-8-vs-3-human up","Up genes comparing Group 8 vs Group 3 (GSE216250, human)",1179,22694,1179,43329,0.0,0.0,1.9092711729972682
090,8,176,22694,43329,123544,GEX007446,"GSE213142,GSE240717-2-vs-7-human dn","Dn genes comparing Group 2 vs Group 7 (GSE240717, human)",1942,22694,1942,43329,0.0,0.0,1.9092711729972682
090,8,176,22694,43329,123544,GEX008185,GSE187784-9-vs-8-human up,"Up genes in nhdf nc gene manipulation si negative control stimulation subcellular fractionation chromatin normal dermal fibroblast human vs polya nc nhdf nostimulation gene manipulation si negative control stimulation subcellular fractionation total normal dermal fibroblast human (GSE187784, human)",1808,22694,1808,43329,0.0,0.0,1.9092711729972682
090,8,176,22694,43329,123544,GEX010663,GSE228619-0-vs-1-human up,"Up genes in scr (control intestine cell line primary human intestinal epithelial cells myofibroblasts wild type scrambled (si)rna vs kd (cdh11 knockdown intestine cell line primary human intestinal epithelial cells myofibroblasts cdh11 sirna (GSE228619, human)",1499,22694,1499,43329,0.0,0.0,1.9092711729972682
090,8,176,22694,43329,123544,GEX010818,GSE180852-3-vs-0-human up,"Up genes in gs heart stage control healthy serum vs control24 heart stage control pdgfr beta + cells human (GSE180852, human)",1519,22694,1519,43329,0.0,0.0,1.9092711729972682
090,8,176,22694,43329,123544,GEX019540,GSE214101-1-vs-5-human up,"Up genes in ntshrna mdamb231 breast cell line mda mb 231 epithelial non targeting shrna vs protac mdamb436 breast cell line mda mb 436 epithelial mdm2 (GSE214101, human)",1799,22694,1799,43329,0.0,0.0,1.9092711729972682
090,8,176,22694,43329,123544,GEX022070,GSE214101-6-vs-4-human up,"Up genes in dmso mdamb231 breast cell line mda mb 231 epithelial vs ntshrna mdamb436 breast cell line mda mb 436 epithelial non targeting shrna (GSE214101, human)",1788,22694,1788,43329,0.0,0.0,1.9092711729972682
090,8,176,22694,43329,123544,GEX022971,GSE187784-13-vs-8-human up,"Up genes in nhdf sbno2ko sisbno1 gene manipulation sbno2grna#2#3 sisbno1#1 #3 stimulation subcellular fractionation chromatin normal dermal fibroblast human vs polya nc nhdf nostimulation gene manipulation si negative control stimulation subcellular fractionation total normal dermal fibroblast human (GSE187784, human)",1646,22694,1646,43329,0.0,0.0,1.9092711729972682
090,8,176,22694,43329,123544,GEX024301,GSE187784-8-vs-2-human dn,"Dn genes in polya nc nhdf nostimulation gene manipulation si negative control stimulation subcellular fractionation total normal dermal fibroblast human vs nhdf sbno2ko sinc gene manipulation sbno2grna#2#3 sirna nc stimulation subcellular fractionation chromatin normal dermal fibroblast human (GSE187784, human)",1441,22694,1441,43329,0.0,0.0,1.9092711729972682
090,9,111,7289,43329,123544,GEX064552,GSE159925-4-vs-5-human up,"Up genes in hh nm azacitidine cell line cutaneous lymphoma vs tlom1 nm azacitidine cell line adult leukemia (GSE159925, human)",1220,7289,1220,43329,0.0,0.0,5.944436822609412
090,9,111,7289,43329,123544,GEX003292,"GSE227973,GSE227974-1-vs-2-human up","Up genes comparing Group 1 vs Group 2 (GSE227974, human)",850,7289,850,43329,0.0,0.0,5.944436822609411
090,9,111,7289,43329,123544,GEX004136,"GSE239898,GSE239899-1-vs-0-human dn","Dn genes comparing Group 1 vs Group 0 (GSE239899, human)",570,7289,570,43329,0.0,0.0,5.944436822609411
090,9,111,7289,43329,123544,GEX008018,"GSE181446,GSE231521-1-vs-2-human dn","Dn genes comparing Group 1 vs Group 2 (GSE231521, human)",1024,7289,1024,43329,0.0,0.0,5.944436822609411
090,9,111,7289,43329,123544,GEX045245,GSE156761-4-vs-5-human dn,"Dn genes in dpamine neuron 48h h hpsc derived da neurons virus sars cov 2 infect vs dopamine hpsc derived da neurons virus sars cov 2 infect chemical 50mm metformin (GSE156761, human)",709,7289,709,43329,0.0,0.0,5.944436822609411
090,9,111,7289,43329,123544,GEX045938,GSE79888-4-vs-5-human dn,"Dn genes in diffuse large b cell lymphoma line gcb dlbcl sudhl6 treated dmso 24 hours replicate vs diffuse large b cell lymphoma line gcb dlbcl sudhl6 treated bcl6 inhibitor 24 hours replicate (GSE79888, human)",1798,7289,1798,43329,0.0,0.0,5.944436822609411
090,9,111,7289,43329,123544,GEX089611,GSE174745-2-vs-6-human dn,"Dn genes in sample dpamine neuron 48h mock dopaminergic viral infected neural cells vs sample dopamine dopaminergic neuron viral infected sars cov 2 48 hours metformin neural cells (GSE174745, human)",708,7289,708,43329,0.0,0.0,5.944436822609411
090,9,111,7289,43329,123544,GEX091917,GSE181446-0-vs-2-human dn,"Dn genes in dmso treated control rep epithelial cell cervical cancer line hela trex yfp tiarr stable expression tet repressor inducible fused tiarb resistant sirna 90 minutes vs ani treated sample rep epithelial cell cervical cancer line hela trex yfp tiarr stable expression tet repressor inducible fused tiarb resistant sirna anisomycin 0.1 ug/ml 90 minutes (GSE181446, human)",1024,7289,1024,43329,0.0,0.0,5.944436822609411
090,9,111,7289,43329,123544,GEX095579,"GSE73109,GSE81705-4-vs-5-human dn","Dn genes comparing Group 4 vs Group 5 (GSE81705, human)",1798,7289,1798,43329,0.0,0.0,5.944436822609411
090,9,111,7289,43329,123544,GEX097125,GSE193704-0-vs-1-human dn,"Dn genes in withdox nooht replicate chip antibody none 4 oht (er yap2sa) non induced dox ( comp) mcf10a er yap2sa comp vs nodox nooht replicate chip antibody none 4 oht (er yap2sa) non induced dox ( comp) mcf10a er yap2sa comp (GSE193704, human)",850,7289,850,43329,0.0,0.0,5.944436822609411
